participantId,timestamp,orderCondition,firstTrial,gridSize,numCelebrities,single_design,single_correct,single_accuracy,single_avgClickMs,single_avgCorrectClickMs,repeated_design,repeated_correct,repeated_accuracy,repeated_avgClickMs,repeated_avgCorrectClickMs,diff_correct,diff_avgClickMs,postDifficulty,postFocus,recall_quiz_hours,recall_final_hours,recall_final_days,single_Q1_celeb,single_Q1_correct,single_Q1_clickMs,single_Q1_sector,single_Q2_celeb,single_Q2_correct,single_Q2_clickMs,single_Q2_sector,single_Q3_celeb,single_Q3_correct,single_Q3_clickMs,single_Q3_sector,single_Q4_celeb,single_Q4_correct,single_Q4_clickMs,single_Q4_sector,single_Q5_celeb,single_Q5_correct,single_Q5_clickMs,single_Q5_sector,single_Q6_celeb,single_Q6_correct,single_Q6_clickMs,single_Q6_sector,repeated_Q1_celeb,repeated_Q1_correct,repeated_Q1_clickMs,repeated_Q1_sector,repeated_Q2_celeb,repeated_Q2_correct,repeated_Q2_clickMs,repeated_Q2_sector,practice_totalCorrect,practice_accuracy,practice_new_count,practice_new_accuracy,practice_review_count,practice_review_accuracy,practice_Q1_celeb,practice_Q1_correct,practice_Q1_clickMs,practice_Q1_sector,practice_Q1_isReview,practice_Q1_cycle,practice_Q14_celeb,practice_Q14_correct,practice_Q14_clickMs,practice_Q14_sector,practice_Q14_isReview,practice_Q14_cycle,NEW_BONUS_FIELD,single_Q7_celeb,single_Q7_correct,single_Q7_clickMs,single_Q7_sector,single_Q8_celeb,single_Q8_correct,single_Q8_clickMs,single_Q8_sector,single_Q9_celeb,single_Q9_correct,single_Q9_clickMs,single_Q9_sector,repeated_Q3_celeb,repeated_Q3_correct,repeated_Q3_clickMs,repeated_Q3_sector,repeated_Q4_celeb,repeated_Q4_correct,repeated_Q4_clickMs,repeated_Q4_sector,repeated_Q5_celeb,repeated_Q5_correct,repeated_Q5_clickMs,repeated_Q5_sector,repeated_Q6_celeb,repeated_Q6_correct,repeated_Q6_clickMs,repeated_Q6_sector,repeated_Q7_celeb,repeated_Q7_correct,repeated_Q7_clickMs,repeated_Q7_sector,repeated_Q8_celeb,repeated_Q8_correct,repeated_Q8_clickMs,repeated_Q8_sector,repeated_Q9_celeb,repeated_Q9_correct,repeated_Q9_clickMs,repeated_Q9_sector,practice_Q2_celeb,practice_Q2_correct,practice_Q2_clickMs,practice_Q2_sector,practice_Q2_isReview,practice_Q2_cycle,practice_Q3_celeb,practice_Q3_correct,practice_Q3_clickMs,practice_Q3_sector,practice_Q3_isReview,practice_Q3_cycle,practice_Q4_celeb,practice_Q4_correct,practice_Q4_clickMs,practice_Q4_sector,practice_Q4_isReview,practice_Q4_cycle,practice_Q5_celeb,practice_Q5_correct,practice_Q5_clickMs,practice_Q5_sector,practice_Q5_isReview,practice_Q5_cycle,practice_Q6_celeb,practice_Q6_correct,practice_Q6_clickMs,practice_Q6_sector,practice_Q6_isReview,practice_Q6_cycle,practice_Q7_celeb,practice_Q7_correct,practice_Q7_clickMs,practice_Q7_sector,practice_Q7_isReview,practice_Q7_cycle,practice_Q8_celeb,practice_Q8_correct,practice_Q8_clickMs,practice_Q8_sector,practice_Q8_isReview,practice_Q8_cycle,practice_Q9_celeb,practice_Q9_correct,practice_Q9_clickMs,practice_Q9_sector,practice_Q9_isReview,practice_Q9_cycle,practice_Q10_celeb,practice_Q10_correct,practice_Q10_clickMs,practice_Q10_sector,practice_Q10_isReview,practice_Q10_cycle,practice_Q11_celeb,practice_Q11_correct,practice_Q11_clickMs,practice_Q11_sector,practice_Q11_isReview,practice_Q11_cycle,practice_Q12_celeb,practice_Q12_correct,practice_Q12_clickMs,practice_Q12_sector,practice_Q12_isReview,practice_Q12_cycle,practice_Q13_celeb,practice_Q13_correct,practice_Q13_clickMs,practice_Q13_sector,practice_Q13_isReview,practice_Q13_cycle,practice_Q15_celeb,practice_Q15_correct,practice_Q15_clickMs,practice_Q15_sector,practice_Q15_isReview,practice_Q15_cycle,single_Q10_celeb,single_Q10_correct,single_Q10_clickMs,single_Q10_sector,single_Q11_celeb,single_Q11_correct,single_Q11_clickMs,single_Q11_sector,single_Q12_celeb,single_Q12_correct,single_Q12_clickMs,single_Q12_sector
VERIFY_FULL_B,2026-05-17 13:00 KST,single_then_repeated,single,6,9,massed_18s_x1_finalTest9,5,0.556,2450,2100,sector_study5s_quiz_x4sectors_cumulative_systematic,8,0.889,1820,1700,3,630,보통,꽤 집중,3~5시간,1~3시간,3~5일 전,카리나,1,1500,0,손흥민,0,3200,1,🦋,1,2100,2,🍔,1,1800,3,유재석,0,3500,0,변우석,1,1900,1,장원영,1,1500,2,⚽,1,1700,3,12,0.857,8,0.875,6,0.833,카리나,1,1200,0,0,1,손흥민,1,1500,1,1,4,,,,,,,,,,,,,,,,,,,,,,,,,,,,,,,,,,,,,,,,,,,,,,,,,,,,,,,,,,,,,,,,,,,,,,,,,,,,,,,,,,,,,,,,,,,,,,,,,,,,,,,,,,,,,,,,,,,,,,,,,,,,,,,,,,,
DEMO_1,2026-05-17 13:05 KST,repeated_then_single,repeated,,,,4,,2800,,,7,,1900,,,,어려움,보통,,,,,,,,,,,,,,,,,,,,,,,,,,,,,,,,,,,,,,,0.875,,0.75,,,,,,,,,,,,,이건없던컬럼,,,,,,,,,,,,,,,,,,,,,,,,,,,,,,,,,,,,,,,,,,,,,,,,,,,,,,,,,,,,,,,,,,,,,,,,,,,,,,,,,,,,,,,,,,,,,,,,,,,,,,,,,,,,,,,,,,,,,,,,,,,,,,,,,,
DEMO_2,2026-05-17 13:06 KST,,,,,,3,,,,,6,,,,,,,,,,,,,,,,,,,,,,,,,,,,,,,,,,,,,,,,,,,,,,,,,,,,,,,,,,,,,,,,,,,,,,,,,,,,,,,,,,,,,,,,,,,,,,,,,,,,,,,,,,,,,,,,,,,,,,,,,,,,,,,,,,,,,,,,,,,,,,,,,,,,,,,,,,,,,,,,,,,,,,,,,,,,,,,,,,,,,,,,,,,,,,,
PMP95F7UZ813,2026-05-17 11:23:56 KST,repeated_then_single,repeated,6,9,massed_20s_x1,1,0.111,3051,5674,sector_study5s_quiz_x4sectors,8,0.889,2543,2536,7,508,보통,보통,3~5시간,0~1시간,3~5일 전,변우석,0,2676,0,축구공,0,1861,2,카리나,0,1130,0,무지개,0,2611,1,햄버거,0,5239,3,장원영,0,2511,3,유재석,1,7173,2,장원영,1,1362,3,14,0.933,9,1,6,0.833,무지개,1,1796,1,0,1,햄버거,1,998,3,0,4,,,,,,,,,,,,,,,,,,,,,,,,,,,,,,,,,,,,,,,,,,,,,,,,,,,,,,,,,,,,,,,,,,,,,,,,,,,,,,,,,,,,,,,,,,,,,,,,,,,,,,,,,,,,,,,,,,,,,,,,,,,,,,,,,,,
FINAL_CHECK_B,2026-05-17 KST,single_then_repeated,,,,,4,,,,,7,,,,3,,,,,,,,,,,,,,,,,,,,,,,,,,,,,,,,,,,,,,,,,,,,0.8,,,,,,,,,,,,,,,,,,,,,,,,,,,,,,,,,,,,,,,,,,,,,,,,,,,,,,,,,,,,,,,,,,,,,,,,,,,,,,,,,,,,,,,,,,,,,,,,,,,,,,,,,,,,,,,,,,,,,,,,,,,,,,,,,,,,,,,,,,,,,,,
PMP99KAHL906,2026-05-17 13:20:51 KST,single_then_repeated,single,6,9,massed_20s_x1,6,0.667,2069,1484,sector_study5s_quiz_x4sectors,4,0.444,2448,1725,-2,-379,어려움,보통,0~1시간,0~1시간,1~2주 전,카리나,1,1160,0,나비,1,2245,2,축구공,0,1666,1,손흥민,0,3298,3,무지개,1,1301,3,유재석,0,4749,0,나비,1,1584,0,카리나,0,1099,0,9,0.6,9,0.778,6,0.333,햄버거,0,928,1,0,1,유재석,1,1731,2,1,4,,변우석,1,1300,0,햄버거,1,1266,2,장원영,1,1632,1,손흥민,1,1049,3,무지개,1,3249,1,유재석,1,1017,2,축구공,0,6717,3,변우석,0,1218,1,장원영,0,1731,2,햄버거,0,4365,1,변우석,1,1431,1,0,1,무지개,1,1216,1,0,1,카리나,1,1145,0,0,2,나비,1,801,0,0,2,무지개,0,2600,1,1,2,무지개,0,3525,1,1,3,장원영,1,3813,2,0,3,나비,0,1734,0,1,3,유재석,1,1232,2,0,3,카리나,0,3977,0,1,4,축구공,0,2882,3,0,4,손흥민,1,1650,3,0,4,변우석,1,2566,1,1,4,,,,,,,,,,,,
PMP9A9695183,2026-05-17 13:39:33 KST,single_then_repeated,single,6,9,massed_20s_x1,7,0.778,2785,2729,sector_study5s_quiz_x4sectors,2,0.222,2130,1315,-5,655,어려움,보통,0~1시간,0~1시간,당일,카리나,1,2709,1,손흥민,0,4368,1,유재석,1,2084,2,햄버거,0,1598,3,변우석,1,3364,3,장원영,1,2487,0,손흥민,0,2915,2,유재석,0,2882,1,7,0.467,9,0.556,6,0.333,햄버거,1,3050,2,0,1,유재석,0,1015,1,0,4,,나비,1,4729,0,축구공,1,2264,3,무지개,1,1465,2,햄버거,0,1431,2,변우석,1,1565,0,나비,0,3134,0,장원영,0,2400,0,카리나,0,1828,1,축구공,1,1065,3,무지개,0,1949,3,손흥민,1,1783,2,0,1,장원영,1,1369,0,0,2,변우석,1,1051,0,0,2,햄버거,0,1134,2,1,2,나비,0,6280,0,0,2,나비,1,1375,0,1,3,햄버거,0,1612,2,1,3,축구공,0,3333,3,0,3,무지개,1,1465,3,0,3,햄버거,0,1544,2,1,4,장원영,0,1631,0,1,4,카리나,0,1565,1,0,4,축구공,1,1620,3,1,4,,,,,,,,,,,,
PMP9AETS7792,2026-05-17 13:44:11 KST,repeated_then_single,repeated,6,9,massed_20s_x1,4,0.444,2256,1526,sector_study5s_quiz_x4sectors,8,0.889,2339,2356,4,-83,어려움,꽤 집중,1~3시간,1~3시간,1~2주 전,손흥민,0,3191,2,유재석,0,2240,3,무지개,1,1225,1,축구공,1,1874,2,카리나,1,1840,2,햄버거,0,3049,0,축구공,1,4558,3,카리나,1,1808,0,13,0.867,9,0.889,6,0.833,카리나,1,1464,0,0,1,무지개,1,2315,2,1,4,,장원영,0,4197,3,변우석,1,1165,1,나비,0,1526,0,손흥민,1,1866,1,나비,1,1957,2,유재석,1,4149,2,장원영,0,2208,1,변우석,1,1958,3,무지개,1,1332,2,햄버거,1,1216,0,햄버거,1,1215,0,0,1,햄버거,1,1733,0,1,2,무지개,0,1175,2,0,2,나비,1,1491,2,0,2,유재석,1,10191,2,0,2,변우석,1,1604,3,0,3,유재석,1,1623,2,1,3,축구공,1,1051,3,0,3,카리나,1,2082,0,1,3,장원영,1,1547,1,0,4,손흥민,1,824,1,0,4,햄버거,1,1416,0,1,4,축구공,0,6048,3,1,4,,,,,,,,,,,,
PMP9AGNHK203,2026-05-17 13:45:34 KST,repeated_then_single,repeated,6,9,massed_20s_x1,0,0,1839,,sector_study5s_quiz_x4sectors,1,0.111,2164,1249,1,-325,매우 어려움,보통,1~3시간,0~1시간,3~5일 전,손흥민,0,2452,1,축구공,0,1281,3,변우석,0,1866,2,나비,0,1585,3,장원영,0,869,0,유재석,0,1750,2,카리나,0,5110,0,무지개,0,1250,2,8,0.533,9,0.556,6,0.5,햄버거,1,1712,2,0,1,유재석,0,1532,3,0,4,,카리나,0,2082,0,무지개,0,1483,1,햄버거,0,3184,3,축구공,0,965,3,손흥민,0,1733,0,유재석,0,1537,3,나비,0,1046,1,햄버거,1,1249,2,장원영,0,4236,1,변우석,0,2348,2,무지개,1,3897,2,0,1,변우석,1,1518,2,0,1,햄버거,1,2434,2,1,2,손흥민,0,2897,0,0,2,카리나,1,1669,0,0,2,나비,1,1042,1,0,3,손흥민,1,2101,0,1,3,장원영,0,5034,1,0,3,햄버거,1,1598,2,1,3,햄버거,0,3743,2,1,4,손흥민,0,4237,0,1,4,나비,0,1363,1,1,4,축구공,0,1050,3,0,4,,,,,,,,,,,,
PMP9AIKH7996,2026-05-17 13:46:11 KST,repeated_then_single,repeated,6,9,massed_20s_x1,2,0.222,1440,1189,sector_study5s_quiz_x4sectors,3,0.333,2032,1136,1,-592,어려움,보통,3~5시간,0~1시간,3~5일 전,축구공,0,1630,1,변우석,0,1348,3,햄버거,0,1224,0,손흥민,1,1463,2,장원영,0,1247,2,카리나,0,2693,0,나비,0,1630,2,카리나,1,1045,0,11,0.733,9,1,6,0.333,무지개,1,1772,3,0,1,카리나,1,4674,0,1,4,,유재석,0,1177,3,나비,1,914,1,무지개,0,1260,3,무지개,0,1730,3,축구공,1,1213,0,변우석,0,2606,1,손흥민,1,1149,0,유재석,0,4006,2,장원영,0,3611,1,햄버거,0,1296,3,햄버거,1,953,3,0,1,변우석,1,1019,1,0,2,장원영,1,793,1,0,2,무지개,1,3046,3,1,2,햄버거,0,2908,3,1,3,손흥민,1,1361,0,0,3,장원영,0,1180,1,1,3,카리나,1,1610,0,0,3,축구공,1,2413,0,0,3,나비,1,1036,2,0,4,무지개,0,4040,3,1,4,유재석,1,1144,2,0,4,변우석,0,1979,1,1,4,,,,,,,,,,,,
PMP9AIUVF385,2026-05-17 13:47:46 KST,repeated_then_single,repeated,6,9,massed_20s_x1,6,0.667,3280,3162,sector_study5s_quiz_x4sectors,9,1,1417,1417,3,1863,쉬움,꽤 집중,1~3시간,5~10시간,1~2주 전,카리나,1,2071,0,나비,0,4889,1,축구공,1,5239,1,변우석,1,4141,3,손흥민,0,4120,2,무지개,1,2244,2,축구공,1,1716,3,유재석,1,1668,1,14,0.933,10,1,5,0.8,카리나,1,1582,0,0,1,카리나,1,1434,0,1,4,,유재석,1,2288,3,장원영,1,2991,0,햄버거,0,1536,1,변우석,1,2102,2,무지개,1,1283,3,나비,1,1417,2,장원영,1,1349,1,햄버거,1,1185,1,손흥민,1,1202,0,카리나,1,834,0,손흥민,1,890,0,0,1,햄버거,1,869,1,0,2,유재석,1,770,1,0,2,손흥민,1,2270,0,1,2,장원영,1,2769,1,0,2,나비,1,1374,2,0,3,변우석,1,881,2,0,3,변우석,1,977,2,0,3,햄버거,1,1976,1,1,3,무지개,1,1652,3,0,4,장원영,1,1505,1,1,4,나비,0,1216,2,1,4,축구공,1,1784,3,0,4,,,,,,,,,,,,
PMP9AOCSK615,2026-05-17 13:50:51 KST,single_then_repeated,single,6,9,massed_20s_x1,6,0.667,1800,1964,sector_study5s_quiz_x4sectors,7,0.778,2803,2160,1,-1003,매우 어려움,꽤 집중,3~5시간,0~1시간,1~2일 전,장원영,1,1201,0,손흥민,1,2536,1,카리나,1,1081,1,유재석,1,3060,3,변우석,1,1746,0,축구공,0,1114,2,축구공,1,863,1,카리나,1,5476,2,12,0.8,9,0.889,6,0.667,나비,1,1397,3,0,1,변우석,1,4140,0,1,4,,나비,0,1311,0,무지개,1,2159,3,햄버거,0,1996,2,손흥민,1,1776,3,무지개,0,2263,1,나비,0,7849,3,변우석,1,2248,0,햄버거,1,1812,2,장원영,1,1744,0,유재석,1,1198,3,손흥민,1,1117,3,0,1,유재석,1,1925,3,0,1,변우석,1,1030,0,0,2,나비,1,2676,3,1,2,장원영,1,1115,0,0,2,햄버거,1,978,2,0,3,손흥민,1,1733,3,1,3,장원영,0,4241,0,1,3,카리나,0,3656,2,0,3,무지개,1,968,1,0,4,나비,1,1961,3,1,4,햄버거,0,1611,2,1,4,축구공,1,1397,1,0,4,,,,,,,,,,,,
PMP9B3HDS98,2026-05-17 14:02:55 KST,single_then_repeated,single,6,9,massed_20s_x1,3,0.333,3106,2173,sector_study5s_quiz_x4sectors,1,0.111,2128,1064,-2,978,어려움,조금,0~1시간,0~1시간,3~5일 전,카리나,1,1767,0,변우석,1,2739,3,손흥민,1,2014,0,축구공,0,8635,2,장원영,0,5072,2,유재석,0,180,1,축구공,0,4145,1,카리나,0,2659,0,11,0.733,9,0.889,6,0.5,축구공,1,1397,1,0,1,변우석,0,4090,2,1,4,,무지개,0,2192,2,나비,0,5173,1,햄버거,0,180,3,손흥민,0,1026,0,변우석,0,1914,2,나비,0,1558,2,장원영,0,1266,3,유재석,0,2409,3,햄버거,1,1064,1,무지개,0,3110,0,햄버거,1,765,1,0,1,카리나,1,1168,0,0,2,손흥민,1,1125,0,0,2,햄버거,1,1544,1,1,2,무지개,1,2050,0,0,2,나비,1,1745,2,0,3,변우석,1,1214,2,0,3,햄버거,1,4108,1,1,3,무지개,0,2809,0,1,3,햄버거,1,3706,1,1,4,장원영,1,2846,3,0,4,무지개,0,2129,0,1,4,유재석,0,1594,3,0,4,,,,,,,,,,,,
PMP9B3CPY505,2026-05-17 14:03:12 KST,repeated_then_single,repeated,6,9,massed_20s_x1,8,0.889,1954,1958,sector_study5s_quiz_x4sectors,5,0.556,1820,1556,-3,134,보통,보통,0~1시간,0~1시간,1~2주 전,변우석,1,3038,2,나비,0,1929,1,손흥민,1,1919,0,유재석,1,817,1,카리나,1,1651,0,축구공,1,1071,3,나비,1,2216,3,축구공,1,1418,0,14,0.933,9,0.889,6,1,카리나,1,2043,2,0,1,변우석,1,3250,1,1,4,,무지개,1,3613,1,햄버거,1,2401,3,장원영,1,1151,2,손흥민,0,3786,2,장원영,0,1331,3,무지개,0,2266,0,햄버거,1,1535,1,변우석,1,1432,1,카리나,0,1218,2,유재석,1,1181,0,손흥민,1,1149,2,0,1,무지개,1,1829,0,0,2,손흥민,1,3323,2,1,2,유재석,1,1448,0,0,2,축구공,1,1247,0,0,2,햄버거,1,1167,1,0,3,변우석,1,847,1,0,3,유재석,1,1203,0,1,3,카리나,1,1118,2,1,3,나비,1,1292,3,0,4,무지개,1,1886,0,1,4,장원영,0,1301,3,0,4,손흥민,1,2069,2,1,4,,,,,,,,,,,,
PMP9C1LBM216,2026-05-17 14:29:54 KST,single_then_repeated,single,6,9,massed_20s_x1,3,0.333,1690,1363,sector_study5s_quiz_x4sectors,1,0.111,2119,4134,-2,-429,어려움,조금,0~1시간,0~1시간,3~5일 전,무지개,0,1969,0,축구공,1,1111,0,변우석,0,2471,2,유재석,0,1274,2,손흥민,1,1579,3,나비,0,2056,1,카리나,0,1586,2,손흥민,0,1071,0,6,0.4,9,0.667,6,0,햄버거,1,1039,3,0,1,손흥민,0,1378,0,1,4,,햄버거,0,1455,1,장원영,0,1897,2,카리나,1,1399,3,나비,0,987,3,무지개,0,1214,1,유재석,0,1206,0,변우석,0,1503,1,축구공,1,4134,0,장원영,0,4814,2,햄버거,0,2560,3,나비,1,1816,3,0,1,유재석,0,2356,0,0,2,나비,0,3929,3,1,2,축구공,1,2967,0,0,2,손흥민,1,1572,0,0,2,나비,0,2016,3,1,3,무지개,0,1832,1,0,3,손흥민,0,1499,0,1,3,변우석,0,1161,1,0,3,카리나,1,1266,2,0,4,장원영,1,800,2,0,4,변우석,0,1833,1,1,4,나비,0,1048,3,1,4,,,,,,,,,,,,
PMP9CNUU2323,2026-05-17 14:47:08 KST,repeated_then_single,repeated,6,9,massed_20s_x1,2,0.222,1933,1927,sector_study5s_quiz_x4sectors,6,0.667,2813,2277,4,-880,어려움,꽤 집중,1~3시간,5~10시간,3~5일 전,축구공,0,2244,2,카리나,0,1979,0,손흥민,0,1311,3,나비,0,2177,1,무지개,0,1179,0,햄버거,1,1561,3,햄버거,1,2858,3,카리나,0,3245,0,14,0.933,9,0.889,6,1,변우석,1,1786,2,0,1,변우석,1,1743,2,1,4,,변우석,1,2292,1,유재석,0,2147,2,장원영,0,2510,3,손흥민,1,2126,1,유재석,1,1514,2,축구공,1,2509,0,나비,1,2227,1,변우석,1,2428,2,장원영,0,3157,3,무지개,0,5256,3,유재석,1,1568,2,0,1,유재석,1,1580,2,1,2,축구공,1,2375,0,0,2,카리나,1,1030,0,0,2,카리나,1,1564,0,1,3,유재석,1,2061,2,1,3,손흥민,0,2677,1,0,3,나비,1,1507,1,0,3,햄버거,1,1331,3,0,4,장원영,1,979,3,0,4,무지개,1,864,3,0,4,나비,1,2943,1,1,4,카리나,1,1427,0,1,4,,,,,,,,,,,,
PMP9DJC5M158,2026-05-17 15:11:32 KST,repeated_then_single,repeated,6,9,massed_20s_x1,6,0.667,2273,2368,sector_study5s_quiz_x4sectors,9,1,1909,1909,3,364,쉬움,꽤 집중,5~10시간,10시간 이상,1~2주 전,유재석,1,2588,2,축구공,0,2147,3,무지개,1,2389,0,장원영,1,3605,2,나비,0,1667,3,카리나,1,1855,1,나비,1,2106,2,무지개,1,1662,1,14,0.933,9,0.889,6,1,나비,1,1699,2,0,1,햄버거,1,1606,2,1,4,,변우석,1,2468,0,햄버거,1,1300,2,손흥민,0,2436,1,카리나,1,2241,3,햄버거,1,2627,2,변우석,1,1730,0,장원영,1,1392,1,손흥민,1,1371,3,유재석,1,2439,1,축구공,1,1609,0,햄버거,1,1127,2,0,1,변우석,1,1263,0,0,2,축구공,1,1814,0,0,2,나비,1,2758,2,1,2,손흥민,1,1371,3,0,3,변우석,1,2019,0,1,3,카리나,1,2476,3,0,3,나비,1,1661,2,1,3,유재석,1,1295,1,0,4,장원영,1,1021,1,0,4,카리나,1,2104,3,1,4,축구공,1,1652,0,1,4,무지개,0,3163,1,0,4,,,,,,,,,,,,
PMP9DXINT961,2026-05-17 15:23:51 KST,single_then_repeated,single,6,9,massed_20s_x1,8,0.889,1861,1887,sector_study5s_quiz_x4sectors,9,1,2548,2548,1,-687,보통,매우 집중,0~1시간,0~1시간,1~2일 전,유재석,1,1812,0,나비,1,2860,3,손흥민,1,2014,0,햄버거,1,1116,2,카리나,1,1125,0,변우석,1,2987,1,유재석,1,3835,1,축구공,1,6213,0,14,0.933,9,1,6,0.833,변우석,1,1628,3,0,1,장원영,1,2065,1,1,4,,장원영,1,1344,1,축구공,0,1653,3,무지개,1,1837,2,손흥민,1,2424,0,나비,1,1310,2,장원영,1,4174,1,무지개,1,1371,2,변우석,1,1599,3,카리나,1,1142,0,햄버거,1,862,3,햄버거,1,759,3,0,1,나비,1,932,2,0,2,햄버거,1,3377,3,1,2,무지개,1,1559,2,0,2,나비,0,1389,2,1,3,장원영,1,1685,1,0,3,유재석,1,1515,1,0,3,변우석,1,1600,3,1,3,나비,1,3838,2,1,4,카리나,1,1573,0,0,4,변우석,1,1388,3,1,4,축구공,1,1388,0,0,4,손흥민,1,1117,0,0,4,,,,,,,,,,,,
PMP9EE9RG652,2026-05-17 15:35:22 KST,single_then_repeated,single,6,9,massed_20s_x1,9,1,1900,1900,sector_study5s_quiz_x4sectors,5,0.556,2219,1530,-4,-319,어려움,조금,1~3시간,10시간 이상,1~2주 전,햄버거,1,2798,3,카리나,1,1823,0,변우석,1,1462,1,무지개,1,1285,2,나비,1,2080,1,축구공,1,2468,2,카리나,1,1617,0,변우석,1,1436,1,11,0.733,9,1,6,0.333,변우석,1,2457,1,0,1,무지개,1,1580,3,0,4,,유재석,1,2221,3,손흥민,1,1666,1,장원영,1,1299,0,나비,1,1714,2,축구공,0,2665,0,유재석,0,1384,1,손흥민,1,1765,2,무지개,0,1966,3,햄버거,1,1120,3,장원영,0,6302,1,유재석,1,833,1,0,1,장원영,1,735,1,0,1,손흥민,1,1546,2,0,2,나비,1,805,2,0,2,변우석,0,2348,1,1,2,축구공,1,1593,0,0,3,손흥민,0,2076,2,1,3,카리나,1,2580,0,0,3,장원영,1,1874,1,1,3,손흥민,0,1896,2,1,4,변우석,0,2546,1,1,4,카리나,1,1536,0,1,4,햄버거,1,1201,3,0,4,,,,,,,,,,,,
PMP9E6NPR709,2026-05-17 15:36:17 KST,single_then_repeated,single,6,9,massed_20s_x1,9,1,2617,2617,sector_study5s_quiz_x4sectors,9,1,1651,1651,0,966,보통,꽤 집중,0~1시간,0~1시간,3~5일 전,유재석,1,4791,0,축구공,1,2857,3,카리나,1,1931,1,변우석,1,1516,3,무지개,1,2200,0,햄버거,1,918,0,손흥민,1,1243,2,유재석,1,981,3,15,1,9,1,6,1,유재석,1,1093,3,0,1,변우석,1,1166,0,1,4,,장원영,1,4883,2,나비,1,2799,1,손흥민,1,1654,2,장원영,1,1582,2,햄버거,1,3651,3,무지개,1,967,1,카리나,1,2950,0,변우석,1,833,0,나비,1,1648,1,축구공,1,1002,0,햄버거,1,1147,3,0,1,무지개,1,2245,1,0,2,햄버거,1,1782,3,1,2,나비,1,1017,1,0,2,축구공,1,2807,0,0,3,유재석,1,1817,3,1,3,카리나,1,2134,0,0,3,나비,1,2699,1,1,3,변우석,1,1668,0,0,3,장원영,1,2325,2,0,4,손흥민,1,800,2,0,4,유재석,1,1399,3,1,4,무지개,1,1200,1,1,4,,,,,,,,,,,,
PMP9EGYXY985,2026-05-17 15:38:37 KST,repeated_then_single,repeated,6,9,massed_20s_x1,6,0.667,2566,2386,sector_study5s_quiz_x4sectors,7,0.778,2620,1857,1,-54,어려움,꽤 집중,1~3시간,3~5시간,1~2주 전,카리나,1,2433,1,손흥민,1,2751,2,축구공,1,2199,2,무지개,1,1500,0,유재석,0,3567,3,변우석,0,3067,0,손흥민,1,1885,2,무지개,0,9401,0,15,1,9,1,6,1,축구공,1,3664,3,0,1,변우석,1,1201,1,0,4,,장원영,1,3717,3,햄버거,0,2149,3,나비,1,1715,1,카리나,1,2847,0,유재석,1,1416,1,장원영,1,1151,2,축구공,1,1982,3,변우석,0,1183,1,나비,1,1649,1,햄버거,1,2067,3,햄버거,1,4510,3,0,1,무지개,1,1761,0,0,2,햄버거,1,3050,3,1,2,카리나,1,1732,0,0,2,카리나,1,1543,0,1,3,손흥민,1,1248,2,0,3,장원영,1,901,2,0,3,축구공,1,3149,3,1,3,축구공,1,2211,3,1,4,카리나,1,1748,0,1,4,나비,1,1550,1,0,4,장원영,1,2133,2,1,4,유재석,1,1199,1,0,4,,,,,,,,,,,,
PMP9ENOV9992,2026-05-17 15:42:54 KST,single_then_repeated,single,6,9,massed_20s_x1,3,0.333,2834,2760,sector_study5s_quiz_x4sectors,0,0,1783,,-3,1051,매우 어려움,보통,0~1시간,0~1시간,1~2일 전,손흥민,0,936,1,카리나,1,1403,0,장원영,1,3262,2,무지개,0,4401,2,축구공,0,4018,0,햄버거,0,2204,1,햄버거,0,1799,3,무지개,0,749,1,7,0.467,9,0.667,6,0.167,축구공,1,1014,1,0,1,장원영,0,3294,2,0,4,,변우석,1,3615,3,유재석,0,3937,3,나비,0,1734,3,장원영,0,1094,2,카리나,0,1464,0,손흥민,0,1298,2,변우석,0,4551,0,나비,0,1038,3,유재석,0,2953,2,축구공,0,1099,1,무지개,1,690,1,0,1,햄버거,1,1125,3,0,2,나비,1,731,3,0,2,축구공,0,9870,1,1,2,축구공,1,5065,1,1,3,변우석,1,2056,0,0,3,햄버거,0,4760,3,1,3,카리나,0,1457,0,0,3,유재석,1,1728,2,0,4,무지개,0,8687,1,1,4,손흥민,0,2239,2,0,4,햄버거,0,4617,3,1,4,카리나,0,1730,0,1,4,,,,,,,,,,,,
PMP9EQXVU634,2026-05-17 15:46:43 KST,repeated_then_single,repeated,6,9,massed_20s_x1,5,0.556,2294,2625,sector_study5s_quiz_x4sectors,7,0.778,1734,1404,2,560,어려움,꽤 집중,3~5시간,0~1시간,3~5일 전,무지개,1,1433,2,나비,0,1340,3,유재석,1,3723,2,햄버거,1,3324,1,손흥민,1,1132,0,변우석,0,1547,1,변우석,1,1450,2,나비,1,1398,3,13,0.867,9,0.889,6,0.833,카리나,1,2183,0,0,1,무지개,1,1023,1,0,4,,카리나,0,2049,1,축구공,1,3514,3,장원영,0,2581,0,유재석,1,2306,1,손흥민,0,4565,1,카리나,0,1209,0,장원영,1,1463,2,축구공,1,1241,0,햄버거,1,1015,3,무지개,1,958,1,축구공,1,1579,0,0,1,나비,1,1578,3,0,2,축구공,0,1083,0,1,2,햄버거,1,1277,3,0,2,장원영,1,2028,2,0,3,변우석,1,910,2,0,3,축구공,1,1397,0,1,3,나비,1,1123,3,1,3,축구공,1,1638,0,1,4,손흥민,1,1773,1,0,4,변우석,1,1889,2,1,4,햄버거,1,1633,3,1,4,유재석,0,1691,1,0,4,,,,,,,,,,,,
PMP9FBLEH680,2026-05-17 16:00:51 KST,repeated_then_single,repeated,6,9,massed_20s_x1,2,0.222,1131,2414,sector_study5s_quiz_x4sectors,3,0.333,2317,2102,1,-1186,어려움,조금,0~1시간,0~1시간,당일,장원영,1,1963,1,축구공,0,2972,0,손흥민,1,2865,0,무지개,0,1161,1,유재석,0,943,2,햄버거,0,535,1,손흥민,0,1075,0,햄버거,0,1910,3,12,0.8,9,1,6,0.5,무지개,1,824,1,0,1,카리나,1,958,1,1,4,,햄버거,0,729,1,햄버거,0,904,1,햄버거,0,1078,1,무지개,1,3089,1,카리나,1,944,1,나비,1,2274,2,장원영,0,3267,2,축구공,0,3628,2,유재석,0,1994,3,변우석,0,2675,0,카리나,1,811,1,0,1,나비,1,1531,2,0,2,장원영,1,890,2,0,2,축구공,1,944,2,0,2,카리나,1,2319,1,1,2,손흥민,1,1532,0,0,3,무지개,0,2927,1,1,3,변우석,1,2287,0,0,3,나비,1,1590,2,1,3,유재석,1,1206,3,0,4,햄버거,1,1032,3,0,4,축구공,0,3494,2,1,4,손흥민,0,2453,0,1,4,변우석,0,137,3,카리나,0,143,2,나비,0,142,3
PMP9FHSKH816,2026-05-17 16:07:12 KST,repeated_then_single,repeated,6,9,massed_20s_x1,4,0.444,2424,1547,sector_study5s_quiz_x4sectors,9,1,2605,2605,5,-181,어려움,조금,1~3시간,10시간 이상,3주 이상 전,카리나,1,1308,0,손흥민,0,8734,3,유재석,0,1315,3,변우석,0,1000,1,장원영,1,2014,2,나비,1,990,2,햄버거,1,10294,1,변우석,1,1973,3,13,0.867,9,0.889,6,0.833,축구공,1,2591,0,0,1,나비,0,2478,2,1,4,,햄버거,0,3108,3,축구공,1,1874,1,무지개,0,1472,0,무지개,1,1359,1,손흥민,1,2099,2,카리나,1,1273,0,축구공,1,1633,0,유재석,1,1324,3,장원영,1,1626,3,나비,1,1868,2,카리나,1,1492,0,0,1,나비,1,1832,2,0,2,손흥민,1,2324,2,0,2,축구공,1,3695,0,1,2,나비,1,2417,2,1,3,무지개,0,4817,1,0,3,햄버거,1,1922,1,0,3,축구공,1,1549,0,1,3,장원영,1,1452,3,0,4,변우석,1,1032,3,0,4,카리나,1,1775,0,1,4,유재석,1,1149,3,0,4,무지개,1,2931,1,1,4,,,,,,,,,,,,
PMP9FOG6F967,2026-05-17 16:12:07 KST,single_then_repeated,single,6,9,massed_20s_x1,6,0.667,3827,2393,sector_study5s_quiz_x4sectors,4,0.444,3408,4381,-2,419,어려움,꽤 집중,0~1시간,10시간 이상,3~5일 전,변우석,1,2016,3,나비,1,3561,0,햄버거,0,7696,1,유재석,1,1272,3,손흥민,0,4975,0,축구공,1,3380,0,나비,1,4350,3,축구공,0,4399,1,11,0.733,9,0.889,6,0.5,햄버거,1,1439,3,0,1,카리나,1,5559,0,1,4,,장원영,1,2438,2,카리나,1,1692,2,무지개,0,7417,1,카리나,1,2809,0,변우석,0,2864,0,무지개,1,7262,1,햄버거,1,3101,3,손흥민,0,2416,2,장원영,0,2292,1,유재석,0,1183,2,나비,1,590,3,0,1,무지개,1,1238,1,0,2,장원영,1,744,1,0,2,축구공,1,774,1,0,2,햄버거,1,3395,3,1,2,변우석,1,1070,0,0,3,카리나,1,625,0,0,3,무지개,0,9639,1,1,3,나비,0,1797,3,1,3,나비,1,3279,3,1,4,유재석,1,1899,2,0,4,축구공,0,4190,1,1,4,손흥민,0,5698,2,0,4,,,,,,,,,,,,
PMP9G4HCY227,2026-05-17 16:23:51 KST,repeated_then_single,repeated,6,9,massed_20s_x1,1,0.111,1750,1416,sector_study5s_quiz_x4sectors,3,0.333,2552,1372,2,-802,매우 어려움,조금,3~5시간,10시간 이상,3주 이상 전,나비,0,1897,3,카리나,0,2802,0,손흥민,0,1915,1,장원영,0,1407,1,무지개,0,974,2,변우석,0,788,2,카리나,0,3699,3,변우석,1,1189,0,8,0.533,9,0.556,6,0.5,나비,1,1472,2,0,1,햄버거,0,2465,1,1,4,,축구공,0,1533,2,유재석,0,3022,3,햄버거,1,1416,0,유재석,1,1921,0,나비,0,1086,2,손흥민,1,1007,2,축구공,0,1875,3,장원영,0,1089,2,무지개,0,1865,1,햄버거,0,9235,1,장원영,0,1298,2,0,1,손흥민,1,1359,2,0,1,변우석,1,1378,0,0,2,유재석,1,1098,0,0,2,장원영,0,2688,2,1,2,무지개,1,963,1,0,3,손흥민,1,2289,2,1,3,햄버거,0,1450,1,0,3,변우석,1,1489,0,1,3,장원영,1,2970,2,1,4,축구공,0,1105,3,0,4,카리나,0,1008,3,0,4,유재석,0,1446,0,1,4,,,,,,,,,,,,
PMP9GX9AI365,2026-05-17 16:45:42 KST,repeated_then_single,repeated,6,9,massed_20s_x1,3,0.333,1147,1502,sector_study5s_quiz_x4sectors,6,0.667,2157,2359,3,-1010,보통,보통,1~3시간,3~5시간,1~2주 전,축구공,0,774,3,카리나,0,1085,0,손흥민,0,1115,2,햄버거,0,589,2,무지개,0,1236,1,유재석,0,1020,3,카리나,1,2758,0,변우석,1,2571,2,12,0.8,9,0.667,6,1,햄버거,1,988,1,0,1,유재석,1,2673,2,1,4,,변우석,1,2252,0,장원영,1,1390,3,나비,1,863,1,햄버거,0,2443,1,나비,1,1865,2,손흥민,1,917,0,유재석,1,3886,2,장원영,1,2159,1,무지개,0,1268,3,축구공,0,1544,3,장원영,1,1010,1,0,1,유재석,1,1525,2,0,2,변우석,1,538,2,0,2,장원영,1,1648,1,1,2,나비,0,2792,2,0,2,손흥민,0,2299,0,0,3,장원영,1,1333,1,1,3,변우석,1,1239,2,1,3,카리나,1,996,0,0,3,장원영,1,1022,1,1,4,손흥민,1,2114,0,1,4,무지개,0,1029,3,0,4,축구공,1,1357,3,0,4,,,,,,,,,,,,
PMP9I2F7E443,2026-05-17 17:19:19 KST,single_then_repeated,single,6,9,massed_20s_x1,4,0.444,3071,1995,sector_study5s_quiz_x4sectors,2,0.222,2696,1946,-2,375,어려움,보통,0~1시간,3~5시간,3~5일 전,카리나,1,1942,2,유재석,1,1915,3,나비,0,1446,2,햄버거,0,10565,1,축구공,1,2675,1,장원영,0,1648,3,축구공,1,1280,0,변우석,0,1780,3,7,0.467,9,0.667,6,0.167,무지개,1,1002,2,0,1,나비,0,2858,0,0,4,,손흥민,0,2377,0,무지개,0,3625,0,변우석,1,1448,3,유재석,0,6057,2,장원영,0,1197,3,나비,0,3427,0,카리나,0,5306,0,햄버거,0,1329,1,손흥민,0,1279,1,무지개,1,2611,2,유재석,1,979,2,0,1,햄버거,1,1082,1,0,2,무지개,1,2963,2,1,2,손흥민,1,1396,1,0,2,유재석,0,3393,2,1,3,장원영,1,1188,3,0,3,변우석,1,799,3,0,3,햄버거,0,2045,1,1,3,유재석,0,2908,2,1,4,변우석,0,2375,3,1,4,카리나,0,3111,0,0,4,햄버거,0,4840,1,1,4,축구공,0,1046,0,0,4,,,,,,,,,,,,
PMP9J25ZA281,2026-05-17 17:46:02 KST,single_then_repeated,single,6,9,massed_20s_x1,4,0.444,3500,2686,sector_study5s_quiz_x4sectors,1,0.111,4989,1063,-3,-1489,매우 어려움,보통,1~3시간,1~3시간,3~5일 전,변우석,1,1881,1,축구공,0,2241,3,유재석,1,5720,2,햄버거,0,3658,1,카리나,0,3561,2,손흥민,0,7319,3,카리나,0,23607,0,장원영,0,6975,1,10,0.667,9,0.667,6,0.667,나비,1,1097,1,0,1,카리나,0,1342,0,0,4,,장원영,0,3975,0,나비,1,1994,1,무지개,1,1147,0,변우석,0,2238,2,햄버거,0,3028,2,손흥민,0,2874,0,무지개,0,3325,2,유재석,0,897,3,축구공,0,894,3,나비,1,1063,1,장원영,1,746,1,0,1,유재석,1,816,3,0,2,나비,1,2428,1,1,2,축구공,1,927,3,0,2,장원영,1,2133,1,1,3,변우석,1,1141,2,0,3,축구공,1,1532,3,1,3,무지개,0,911,2,0,3,햄버거,0,729,2,0,3,손흥민,1,1132,0,0,4,나비,1,1060,1,1,4,변우석,0,1700,2,1,4,유재석,0,2560,3,1,4,,,,,,,,,,,,
PMP9JI1A5510,2026-05-17 17:58:20 KST,single_then_repeated,single,6,9,massed_20s_x1,5,0.556,1945,1896,sector_study5s_quiz_x4sectors,1,0.111,1621,1447,-4,324,매우 어려움,보통,1~3시간,1~3시간,1~2주 전,햄버거,1,2136,3,무지개,1,2978,1,변우석,0,3065,1,유재석,0,1749,3,축구공,1,2283,2,카리나,0,1167,0,카리나,0,1448,0,손흥민,0,1116,0,11,0.733,9,0.778,6,0.667,축구공,1,3078,3,0,1,햄버거,1,1332,3,1,4,,장원영,1,898,0,손흥민,1,1183,2,나비,0,2049,1,축구공,0,1382,3,햄버거,0,1249,3,장원영,0,3368,2,무지개,0,1280,1,유재석,1,1447,1,나비,0,2252,2,변우석,0,1048,1,햄버거,1,950,3,0,1,손흥민,1,1110,0,0,2,카리나,1,765,0,0,2,햄버거,1,5099,3,1,2,장원영,1,978,2,0,3,손흥민,0,1851,0,1,3,나비,1,1379,2,0,3,햄버거,1,2132,3,1,3,장원영,0,1394,2,1,4,유재석,1,1882,1,0,4,손흥민,1,1250,0,1,4,무지개,0,983,1,0,4,변우석,0,1164,1,0,4,,,,,,,,,,,,
PMP9KB0Y289,2026-05-17 18:20:54 KST,single_then_repeated,single,6,9,massed_20s_x1,4,0.444,2330,2461,sector_study5s_quiz_x4sectors,3,0.333,1434,1236,-1,896,어려움,전혀 집중 안함,0~1시간,0~1시간,당일,무지개,1,4801,0,카리나,1,1636,3,햄버거,0,4372,3,축구공,0,1822,2,변우석,1,1612,0,유재석,0,1327,1,장원영,1,1110,1,손흥민,0,1333,2,9,0.6,9,0.889,6,0.167,햄버거,1,1448,0,0,1,손흥민,0,949,2,0,4,,손흥민,1,1796,2,장원영,0,1937,0,나비,0,1669,1,유재석,0,1162,1,변우석,0,981,2,무지개,0,1148,1,카리나,1,1462,3,나비,1,1135,3,햄버거,0,2480,0,축구공,0,2091,0,축구공,1,1318,0,0,1,무지개,1,1973,1,0,2,장원영,1,1183,1,0,2,햄버거,1,1717,0,1,2,유재석,1,1677,1,0,2,카리나,1,1071,3,0,3,유재석,0,4942,1,1,3,나비,1,1380,3,0,3,축구공,0,1175,0,1,3,변우석,1,970,2,0,4,카리나,0,2270,3,1,4,햄버거,0,1451,0,1,4,장원영,0,1546,1,1,4,,,,,,,,,,,,
PMP9KJ8WN934,2026-05-17 18:26:46 KST,single_then_repeated,single,6,9,massed_20s_x1,5,0.556,3079,2069,sector_study5s_quiz_x4sectors,6,0.667,2055,1464,1,1024,매우 어려움,꽤 집중,1~3시간,5~10시간,1~2주 전,축구공,0,3990,0,나비,0,6610,0,손흥민,0,5549,2,무지개,1,3399,1,카리나,1,1151,0,장원영,1,1316,2,무지개,1,2652,0,변우석,1,1381,3,14,0.933,9,0.889,6,1,햄버거,1,1478,3,0,1,햄버거,1,1433,3,1,4,,유재석,1,3664,1,변우석,0,1217,3,햄버거,1,815,3,카리나,1,948,0,햄버거,1,1285,3,장원영,0,2015,2,유재석,1,1434,0,축구공,0,5784,1,나비,1,1081,1,손흥민,0,1916,2,변우석,1,713,3,0,1,변우석,1,1463,3,1,2,축구공,1,948,1,0,2,나비,1,518,1,0,2,축구공,1,3612,1,1,3,카리나,1,1129,0,0,3,유재석,0,1182,0,0,3,햄버거,1,3419,3,1,3,무지개,1,1080,0,0,3,손흥민,1,1145,2,0,4,나비,1,1566,1,1,4,장원영,1,1580,2,0,4,유재석,1,2083,0,1,4,,,,,,,,,,,,
PMP9KSTTN904,2026-05-17 18:34:36 KST,repeated_then_single,repeated,6,9,massed_20s_x1,8,0.889,1610,1660,sector_study5s_quiz_x4sectors,4,0.444,2752,2490,-4,-1142,보통,조금,3~5시간,1~3시간,1~2주 전,무지개,1,1547,1,손흥민,1,2103,2,나비,1,1753,3,변우석,1,1476,0,축구공,1,1892,2,카리나,1,1560,3,나비,0,2715,0,카리나,1,1325,1,11,0.733,9,0.889,6,0.5,카리나,1,944,1,0,1,손흥민,1,2074,1,1,4,,장원영,1,1438,0,햄버거,1,1513,2,유재석,0,1205,1,축구공,1,3894,3,햄버거,1,2302,0,손흥민,0,2165,1,유재석,0,4303,3,무지개,0,1901,2,변우석,1,2437,3,장원영,0,3722,2,손흥민,1,455,1,0,1,유재석,1,1720,3,0,2,변우석,1,846,3,0,2,손흥민,0,1231,1,1,2,축구공,1,1917,3,0,2,무지개,1,834,2,0,3,장원영,1,780,2,0,3,축구공,1,3338,3,1,3,손흥민,1,2248,1,1,3,나비,1,1084,0,0,4,변우석,0,2711,3,1,4,햄버거,0,2454,0,0,4,무지개,0,2707,2,1,4,,,,,,,,,,,,
PMP9M50BA40,2026-05-17 19:12:50 KST,repeated_then_single,repeated,6,9,massed_20s_x1,5,0.556,2963,2317,sector_study5s_quiz_x4sectors,9,1,2120,2120,4,843,어려움,꽤 집중,1~3시간,1~3시간,1~2주 전,햄버거,1,1387,1,카리나,0,4244,0,손흥민,1,1609,0,유재석,1,1870,2,변우석,0,3819,3,무지개,1,5021,2,카리나,1,1930,2,햄버거,1,2720,3,13,0.867,9,0.778,6,1,유재석,1,3150,0,0,1,장원영,1,1316,3,1,4,,나비,1,1699,1,장원영,0,4881,3,축구공,0,2138,1,손흥민,1,1233,0,나비,1,3768,1,축구공,1,1256,2,장원영,1,1649,3,변우석,1,1230,2,무지개,1,3070,1,유재석,1,2222,0,손흥민,1,1483,0,0,1,장원영,1,1734,3,0,2,유재석,1,3201,0,1,2,햄버거,1,1887,3,0,2,장원영,1,1309,3,1,3,손흥민,1,1503,0,1,3,무지개,0,3122,1,0,3,나비,0,1115,1,0,3,유재석,1,1572,0,1,4,카리나,1,1539,2,0,4,변우석,1,1399,2,0,4,무지개,1,1472,1,1,4,축구공,1,1081,2,0,4,,,,,,,,,,,,
PMP9MC8YF411,2026-05-17 19:18:22 KST,single_then_repeated,single,6,9,massed_20s_x1,7,0.778,2827,1878,sector_study5s_quiz_x4sectors,2,0.222,1882,1482,-5,945,어려움,보통,0~1시간,0~1시간,3주 이상 전,장원영,1,2340,1,나비,1,1726,3,축구공,1,2399,2,카리나,0,5830,0,무지개,0,6468,3,손흥민,1,1700,1,카리나,0,4084,0,손흥민,1,1147,3,9,0.6,9,1,6,0,무지개,1,1845,1,0,1,손흥민,1,1198,3,0,4,,유재석,1,1332,0,햄버거,1,932,2,변우석,1,2715,1,나비,0,1900,1,유재석,1,1816,0,장원영,0,1132,3,변우석,0,1015,2,축구공,0,3750,3,햄버거,0,1014,2,무지개,0,1080,1,나비,1,851,1,0,1,유재석,1,811,0,0,2,나비,0,8133,1,1,2,카리나,1,1497,0,0,2,햄버거,1,1062,2,0,3,변우석,1,764,2,0,3,무지개,0,2299,1,1,3,카리나,0,2350,0,1,3,장원영,1,907,3,0,4,변우석,0,1751,2,1,4,축구공,1,1032,3,0,4,나비,0,2283,1,1,4,유재석,0,1765,0,1,4,,,,,,,,,,,,
PMP9ME6Q1954,2026-05-17 19:20:50 KST,single_then_repeated,single,6,9,massed_20s_x1,3,0.333,3399,2498,sector_study5s_quiz_x4sectors,4,0.444,2802,2899,1,597,매우 어려움,보통,3~5시간,1~3시간,3주 이상 전,카리나,1,4261,0,손흥민,0,2920,1,축구공,1,1935,1,유재석,1,1299,1,변우석,0,7056,3,장원영,0,3884,2,유재석,1,3703,1,무지개,0,2533,2,9,0.6,9,0.778,6,0.333,무지개,1,1694,2,0,1,햄버거,0,6270,0,1,4,,나비,0,2150,3,햄버거,0,3236,0,무지개,0,3854,2,축구공,1,1751,1,장원영,0,3284,2,햄버거,1,3719,0,카리나,0,2119,0,나비,0,3649,3,손흥민,1,2422,1,변우석,0,2034,3,장원영,1,2667,2,0,1,변우석,0,880,3,0,2,나비,1,1167,3,0,2,무지개,1,6591,2,1,2,무지개,0,1141,2,1,3,카리나,1,3770,0,0,3,나비,0,6910,3,1,3,햄버거,0,3599,0,0,3,변우석,0,3259,3,1,4,무지개,1,3699,2,1,4,손흥민,1,2215,1,0,4,유재석,1,1667,1,0,4,축구공,1,1650,1,0,4,,,,,,,,,,,,
PMP9MUS4T340,2026-05-17 19:31:50 KST,repeated_then_single,repeated,6,9,massed_20s_x1,7,0.778,2200,2381,sector_study5s_quiz_x4sectors,7,0.778,1779,1618,0,421,보통,매우 집중,10시간 이상,10시간 이상,1~2주 전,햄버거,1,2135,3,축구공,0,1151,0,장원영,1,2870,3,나비,1,5139,2,변우석,1,1552,2,유재석,1,1982,1,손흥민,0,3053,3,변우석,1,785,3,12,0.8,9,1,6,0.5,카리나,1,2008,0,0,1,유재석,1,2186,0,1,4,,손흥민,1,1403,1,무지개,0,1985,0,카리나,1,1584,3,카리나,1,1400,0,유재석,1,1451,0,무지개,1,1367,2,장원영,1,2369,2,나비,1,2218,0,축구공,1,1734,1,햄버거,0,1634,1,나비,1,1370,0,0,1,유재석,1,833,0,0,1,손흥민,1,1581,3,0,2,변우석,1,871,3,0,2,나비,0,2383,0,1,2,햄버거,1,1081,1,0,3,축구공,1,765,1,0,3,유재석,0,3386,0,1,3,변우석,1,1582,3,1,3,손흥민,1,1227,3,1,4,햄버거,0,1668,1,1,4,장원영,1,1482,2,0,4,무지개,1,1816,2,0,4,,,,,,,,,,,,
PMP9O0TVP164,2026-05-17 20:05:13 KST,repeated_then_single,repeated,6,9,massed_20s_x1,8,0.889,1407,1387,sector_study5s_quiz_x4sectors,8,0.889,1671,1615,0,-264,보통,보통,1~3시간,3~5시간,3~5일 전,나비,1,2065,3,손흥민,1,1362,3,축구공,1,2708,2,무지개,1,996,2,햄버거,1,998,1,변우석,1,1045,0,변우석,1,1814,3,유재석,1,1305,2,13,0.867,9,0.778,6,1,장원영,1,1625,1,0,1,변우석,1,1914,3,0,4,,카리나,0,1562,0,장원영,1,874,1,유재석,1,1049,3,나비,1,997,2,손흥민,1,1397,0,햄버거,0,2115,2,축구공,1,1211,1,장원영,1,2425,1,무지개,1,1717,3,카리나,1,2055,0,축구공,1,1680,1,0,1,축구공,1,1832,1,1,2,햄버거,1,1692,2,0,2,나비,1,1078,2,0,2,유재석,1,865,2,0,2,햄버거,1,2681,2,1,3,손흥민,0,1909,0,0,3,축구공,1,5159,1,1,3,카리나,0,2113,0,0,3,나비,1,1650,2,1,4,무지개,1,1227,3,0,4,카리나,1,1995,0,1,4,장원영,1,4141,1,1,4,,,,,,,,,,,,
PMP9P5TVT350,2026-05-17 20:37:34 KST,repeated_then_single,repeated,6,9,massed_20s_x1,2,0.222,1521,1290,sector_study5s_quiz_x4sectors,9,1,2598,2598,7,-1077,어려움,보통,0~1시간,0~1시간,당일,장원영,0,1585,0,햄버거,0,1398,1,무지개,0,1132,3,나비,0,3482,3,변우석,0,1016,2,카리나,1,1032,0,무지개,1,3984,2,변우석,1,2498,3,14,0.933,9,0.889,6,1,손흥민,1,2704,1,0,1,무지개,1,1917,2,0,4,,손흥민,0,1232,1,유재석,0,1266,2,축구공,1,1548,3,축구공,1,1415,1,유재석,1,3651,2,손흥민,1,1847,1,카리나,1,1934,0,햄버거,1,1481,3,장원영,1,4485,3,나비,1,2083,0,축구공,1,1171,1,0,1,변우석,1,3157,3,0,2,햄버거,1,1202,3,0,2,손흥민,1,4516,1,1,2,장원영,1,2497,3,0,2,나비,1,1780,0,0,3,손흥민,1,1384,1,1,3,변우석,1,2029,3,1,3,카리나,1,1900,0,0,3,나비,1,2976,0,1,4,축구공,1,1998,1,1,4,유재석,0,6732,2,0,4,변우석,1,2318,3,1,4,,,,,,,,,,,,
PMP9S7QTH389,2026-05-17 22:03:01 KST,repeated_then_single,repeated,6,9,massed_20s_x1,9,1,2987,2987,sector_study5s_quiz_x4sectors,9,1,1617,1617,0,1370,쉬움,꽤 집중,3~5시간,10시간 이상,1~2일 전,카리나,1,4805,3,손흥민,1,7430,3,장원영,1,1154,2,유재석,1,2297,3,축구공,1,3561,0,햄버거,1,1968,1,변우석,1,1952,0,무지개,1,1953,2,15,1,9,1,6,1,햄버거,1,1803,1,0,1,유재석,1,1482,0,1,4,,나비,1,974,1,변우석,1,3361,2,무지개,1,1335,0,축구공,1,1717,3,유재석,1,1276,0,햄버거,1,1484,1,장원영,1,2159,2,나비,1,1383,3,손흥민,1,1396,1,카리나,1,1232,3,손흥민,1,2326,1,0,1,축구공,1,2048,3,0,2,햄버거,1,2257,1,1,2,나비,1,1392,3,0,2,카리나,1,1170,3,0,2,유재석,1,1604,0,0,3,손흥민,1,1232,1,1,3,나비,1,1470,3,1,3,변우석,1,1242,0,0,3,장원영,1,1644,2,0,4,무지개,1,918,2,0,4,손흥민,1,1293,1,1,4,카리나,1,1553,3,1,4,,,,,,,,,,,,
PMP9SBC6S762,2026-05-17 22:04:37 KST,repeated_then_single,repeated,6,9,massed_20s_x1,6,0.667,2204,2150,sector_study5s_quiz_x4sectors,9,1,1026,1026,3,1178,보통,꽤 집중,3~5시간,3~5시간,1~2주 전,축구공,1,2332,1,장원영,1,1816,3,변우석,1,2216,1,카리나,1,952,3,햄버거,0,1632,2,무지개,0,4366,2,축구공,1,1066,1,장원영,1,902,3,15,1,9,1,6,1,카리나,1,1071,1,0,1,장원영,1,1466,3,1,4,,손흥민,1,4834,0,유재석,1,751,0,나비,0,933,1,카리나,1,983,1,나비,1,999,0,햄버거,1,1234,3,유재석,1,1181,2,변우석,1,1068,0,무지개,1,898,2,손흥민,1,900,2,축구공,1,1326,1,0,1,유재석,1,1310,2,0,2,무지개,1,1049,2,0,2,손흥민,1,717,2,0,2,카리나,1,2465,1,1,2,장원영,1,1109,3,0,3,무지개,1,2534,2,1,3,햄버거,1,1249,3,0,3,축구공,1,1449,1,1,3,손흥민,1,1560,2,1,4,나비,1,900,0,0,4,변우석,1,848,0,0,4,축구공,1,1268,1,1,4,,,,,,,,,,,,
PMP9SD1BK268,2026-05-17 22:06:28 KST,single_then_repeated,single,6,9,massed_20s_x1,9,1,2525,2525,sector_study5s_quiz_x4sectors,5,0.556,2175,1525,-4,350,어려움,조금,0~1시간,0~1시간,3~5일 전,카리나,1,2208,1,손흥민,1,4196,1,축구공,1,4333,0,나비,1,1324,2,유재석,1,3525,2,무지개,1,2430,3,변우석,0,1642,2,햄버거,0,2260,0,11,0.733,9,0.778,6,0.667,무지개,1,2192,2,0,1,나비,1,1368,0,0,4,,변우석,1,1105,3,햄버거,1,2423,0,장원영,1,1182,1,유재석,1,1112,0,카리나,0,4675,1,장원영,1,1829,3,무지개,1,1189,2,축구공,0,3377,3,손흥민,1,1651,1,나비,1,1843,0,변우석,1,857,2,0,1,손흥민,1,1784,1,0,2,카리나,1,681,1,0,2,무지개,1,3819,2,1,2,무지개,1,1775,2,1,3,축구공,0,2680,3,0,3,장원영,0,1906,3,0,3,손흥민,0,6088,1,1,3,유재석,1,1150,0,0,4,무지개,1,1271,2,1,4,햄버거,1,1659,0,0,4,손흥민,0,2810,1,1,4,장원영,1,3364,3,1,4,,,,,,,,,,,,
PMP9SSVGL584,2026-05-17 22:19:04 KST,single_then_repeated,single,6,9,massed_20s_x1,6,0.667,3441,2929,sector_study5s_quiz_x4sectors,1,0.111,1867,1449,-5,1574,매우 쉬움,전혀 집중 안함,10시간 이상,10시간 이상,3주 이상 전,햄버거,1,7101,0,무지개,0,2898,1,카리나,0,8465,3,손흥민,1,3165,3,유재석,1,1998,2,변우석,1,765,2,장원영,0,2550,2,유재석,0,2065,3,7,0.467,9,0.667,6,0.167,유재석,1,1696,3,0,1,손흥민,0,6499,2,0,4,,나비,0,2032,1,장원영,1,1915,1,축구공,1,2631,0,나비,0,2148,0,손흥민,0,1882,2,무지개,0,933,1,카리나,1,1449,1,축구공,0,2549,1,변우석,0,2198,0,햄버거,0,1032,3,햄버거,1,1616,3,0,1,카리나,1,1745,1,0,2,햄버거,0,6131,3,1,2,축구공,0,1948,1,0,2,무지개,1,4499,1,0,2,변우석,1,1495,0,0,3,햄버거,0,2915,3,1,3,카리나,1,1615,1,1,3,나비,1,2513,0,0,3,유재석,0,2047,3,1,4,나비,0,3315,0,1,4,카리나,0,3415,1,1,4,장원영,0,1382,2,0,4,,,,,,,,,,,,
PMP9T76WC48,2026-05-17 22:29:29 KST,repeated_then_single,repeated,6,9,massed_20s_x1,5,0.556,2764,2466,sector_study5s_quiz_x4sectors,9,1,1225,1225,4,1539,보통,매우 집중,0~1시간,0~1시간,3~5일 전,햄버거,1,3033,2,축구공,0,2752,3,유재석,1,2146,0,나비,1,3602,2,무지개,0,2782,3,변우석,0,1782,1,유재석,1,1648,1,축구공,1,1183,3,14,0.933,9,0.889,6,1,햄버거,1,1977,3,0,1,카리나,1,1214,2,0,4,,카리나,0,5229,0,손흥민,1,2018,0,장원영,1,1532,1,변우석,1,1367,0,카리나,1,1416,2,무지개,1,1082,2,장원영,1,888,1,손흥민,1,1227,3,나비,1,1048,0,햄버거,1,1169,3,손흥민,1,1414,3,0,1,축구공,1,1314,3,0,1,장원영,1,1595,1,0,2,유재석,1,1013,1,0,2,축구공,1,2169,3,1,2,유재석,1,1459,1,1,3,햄버거,1,1183,3,1,3,나비,1,1233,0,0,3,변우석,1,1016,0,0,3,손흥민,1,1764,3,1,4,장원영,1,1081,1,1,4,무지개,0,1465,2,0,4,변우석,1,1114,0,1,4,,,,,,,,,,,,
PMP9TQUS5463,2026-05-17 22:45:02 KST,repeated_then_single,repeated,6,9,massed_20s_x1,6,0.667,2808,3404,sector_study5s_quiz_x4sectors,9,1,1863,1863,3,945,보통,매우 집중,0~1시간,0~1시간,1~2주 전,변우석,1,5143,2,축구공,1,2994,3,유재석,1,1662,1,카리나,0,1295,3,손흥민,1,4656,0,나비,0,1679,0,햄버거,1,2992,0,카리나,1,997,0,15,1,9,1,6,1,축구공,1,1395,3,0,1,변우석,1,1914,1,1,4,,장원영,1,4526,2,무지개,1,1445,1,햄버거,0,1876,2,장원영,1,1229,3,나비,1,1080,2,유재석,1,1746,2,무지개,1,2762,1,변우석,1,982,1,축구공,1,3937,3,손흥민,1,1046,1,장원영,1,1397,3,0,1,무지개,1,1883,1,0,2,변우석,1,1263,1,0,2,손흥민,1,1014,1,0,2,축구공,1,2144,3,1,2,유재석,1,1231,2,0,3,축구공,1,1696,3,1,3,나비,1,1217,2,0,3,무지개,1,1243,1,1,3,유재석,1,1278,2,1,4,카리나,1,1494,0,0,4,햄버거,1,810,0,0,4,장원영,1,1096,3,1,4,,,,,,,,,,,,
PMP9TWLGY376,2026-05-17 22:50:42 KST,repeated_then_single,repeated,6,9,massed_20s_x1,2,0.222,1809,1893,sector_study5s_quiz_x4sectors,9,1,1361,1361,7,448,어려움,조금,5~10시간,0~1시간,3~5일 전,카리나,1,2685,0,햄버거,0,2333,1,변우석,0,1332,0,손흥민,0,2501,3,장원영,0,1799,3,축구공,0,2015,1,햄버거,1,997,2,장원영,1,1333,0,14,0.933,9,1,6,0.833,장원영,1,1095,0,0,1,햄버거,1,2733,2,0,4,,나비,0,1117,2,유재석,0,1400,2,무지개,1,1100,3,무지개,1,1367,2,카리나,1,1166,0,나비,1,2751,1,축구공,1,1483,3,손흥민,1,1150,1,유재석,1,1200,3,변우석,1,800,3,카리나,1,907,0,0,1,변우석,1,3378,3,0,2,카리나,1,1383,0,1,2,유재석,1,1283,3,0,2,축구공,1,1065,3,0,2,변우석,1,2043,3,1,3,나비,1,5852,1,0,3,손흥민,1,2734,1,0,3,장원영,0,5278,0,1,3,카리나,1,1427,0,1,4,변우석,1,1383,3,1,4,손흥민,1,1033,1,1,4,무지개,1,882,2,0,4,,,,,,,,,,,,
PMP9U404V201,2026-05-17 22:55:08 KST,single_then_repeated,single,6,9,massed_20s_x1,4,0.444,1965,2180,sector_study5s_quiz_x4sectors,3,0.333,1352,1346,-1,613,매우 어려움,꽤 집중,0~1시간,5~10시간,3~5일 전,축구공,0,4090,0,변우석,1,2751,1,햄버거,0,2016,1,손흥민,1,2386,0,카리나,1,2601,2,장원영,0,997,2,유재석,0,1382,2,햄버거,0,1216,1,4,0.267,9,0.444,6,0,나비,1,1026,3,0,1,카리나,0,1602,0,1,4,,유재석,0,885,3,무지개,0,980,2,나비,1,983,3,나비,1,1253,3,장원영,1,1532,2,손흥민,0,1498,1,카리나,1,1252,0,변우석,0,1403,0,무지개,0,914,1,축구공,0,1717,3,축구공,1,700,3,0,1,나비,0,5051,3,1,2,변우석,0,1525,0,0,2,카리나,0,1038,0,0,2,변우석,0,2924,0,1,3,햄버거,0,1268,1,0,3,축구공,0,1451,3,1,3,손흥민,0,1792,1,0,3,무지개,1,1079,1,0,3,유재석,1,1013,2,0,4,무지개,0,3250,1,1,4,장원영,0,2001,2,0,4,축구공,0,1061,3,1,4,,,,,,,,,,,,
PMP9U6BKK256,2026-05-17 22:56:57 KST,single_then_repeated,single,6,9,massed_20s_x1,2,0.222,1258,1020,sector_study5s_quiz_x4sectors,7,0.778,2564,2226,5,-1306,보통,조금,1~3시간,1~3시간,3~5일 전,유재석,0,1408,2,변우석,1,1059,1,무지개,1,981,0,나비,0,1245,3,카리나,0,1196,1,축구공,0,1283,0,햄버거,1,3669,2,나비,1,2736,3,11,0.733,9,0.778,6,0.667,손흥민,1,1391,2,0,1,카리나,1,1324,1,1,4,,햄버거,0,1420,2,장원영,0,1534,3,손흥민,0,1192,2,카리나,1,1211,1,무지개,1,2792,0,변우석,1,1458,2,장원영,1,1053,1,축구공,0,1602,3,손흥민,1,2665,2,유재석,0,5894,0,변우석,1,1033,2,0,1,햄버거,1,661,2,0,1,유재석,0,805,0,0,2,무지개,1,635,0,0,2,변우석,1,3507,2,1,2,카리나,1,1171,1,0,3,장원영,1,724,1,0,3,햄버거,1,1692,2,1,3,유재석,0,2679,0,1,3,무지개,0,3180,0,1,4,축구공,0,1413,3,0,4,나비,1,1974,3,0,4,변우석,1,1409,2,1,4,,,,,,,,,,,,
PMP9U6TBI892,2026-05-17 22:57:18 KST,repeated_then_single,repeated,6,9,massed_20s_x1,9,1,1672,1672,sector_study5s_quiz_x4sectors,7,0.778,1716,1554,-2,-44,보통,꽤 집중,0~1시간,0~1시간,1~2일 전,카리나,1,2515,1,손흥민,1,2633,2,햄버거,1,1217,0,유재석,1,1767,3,변우석,1,1463,1,축구공,1,851,3,유재석,1,1033,3,카리나,1,1132,0,13,0.867,9,0.889,6,0.833,축구공,1,2288,2,0,1,카리나,1,2499,0,1,4,,나비,1,1084,0,장원영,1,1750,2,무지개,1,1764,0,나비,1,1215,3,손흥민,1,2998,1,축구공,1,1702,2,변우석,1,1766,0,장원영,0,2932,1,햄버거,0,1634,3,무지개,1,1029,2,무지개,1,1101,2,0,1,축구공,0,2294,2,1,2,변우석,1,2466,0,0,2,카리나,1,2116,0,0,2,카리나,1,1754,0,1,3,무지개,1,1034,2,1,3,장원영,0,1649,1,0,3,손흥민,1,1332,1,0,3,축구공,1,1710,2,1,4,나비,1,1082,3,0,4,햄버거,1,999,3,0,4,손흥민,1,3518,1,1,4,유재석,1,3112,3,0,4,,,,,,,,,,,,
PMP9U927Z241,2026-05-17 22:59:31 KST,single_then_repeated,single,6,9,massed_20s_x1,4,0.444,2289,1329,sector_study5s_quiz_x4sectors,1,0.111,1412,1031,-3,877,매우 어려움,보통,0~1시간,3~5시간,3주 이상 전,유재석,0,1563,3,축구공,1,1011,1,손흥민,1,1894,0,무지개,0,2281,2,장원영,1,1127,3,나비,0,2629,2,햄버거,0,3560,2,카리나,0,1398,3,6,0.4,9,0.667,6,0,유재석,1,1634,0,0,1,무지개,0,2960,2,1,4,,카리나,0,1859,1,변우석,0,6953,1,햄버거,1,1283,0,축구공,0,943,2,무지개,0,913,2,손흥민,0,1229,1,유재석,1,1031,0,변우석,0,911,0,장원영,0,1896,1,나비,0,830,3,변우석,1,1025,0,0,1,유재석,0,3295,0,1,2,나비,1,4059,3,0,2,카리나,0,1081,3,0,2,햄버거,1,1281,2,0,3,축구공,1,948,2,0,3,카리나,0,4473,3,1,3,유재석,0,1627,0,1,3,무지개,0,2908,2,0,3,나비,0,1686,3,1,4,손흥민,0,3324,1,0,4,장원영,1,1381,1,0,4,유재석,0,1460,0,1,4,,,,,,,,,,,,
PMP9UB56I320,2026-05-17 23:00:48 KST,repeated_then_single,repeated,6,9,massed_20s_x1,8,0.889,3837,3673,sector_study5s_quiz_x4sectors,8,0.889,2050,2061,0,1787,보통,꽤 집중,1~3시간,1~3시간,1~2주 전,축구공,1,5284,0,유재석,1,11413,3,손흥민,1,2080,2,카리나,0,5153,1,햄버거,1,3100,0,변우석,1,1103,1,나비,1,2749,3,변우석,1,915,3,15,1,9,1,6,1,나비,1,1642,3,0,1,유재석,1,1187,2,0,4,,나비,1,1866,0,무지개,1,2969,3,장원영,1,1567,2,축구공,0,1970,2,카리나,1,3667,0,손흥민,1,949,0,무지개,1,1985,1,햄버거,1,4436,1,장원영,1,903,2,유재석,1,880,2,변우석,1,1416,3,0,1,무지개,1,1783,1,0,2,햄버거,1,1001,1,0,2,변우석,1,4769,3,1,2,햄버거,1,4178,1,1,3,손흥민,1,1583,0,0,3,나비,1,1398,3,1,3,카리나,1,1167,0,0,3,축구공,1,1196,2,0,4,나비,1,1351,3,1,4,카리나,1,1248,0,1,4,무지개,1,1633,1,1,4,장원영,1,1100,2,0,4,,,,,,,,,,,,
PMP9UII9R432,2026-05-17 23:07:02 KST,repeated_then_single,repeated,6,9,massed_20s_x1,5,0.556,2527,2686,sector_study5s_quiz_x4sectors,9,1,1414,1414,4,1113,어려움,꽤 집중,0~1시간,0~1시간,3~5일 전,햄버거,0,3747,3,카리나,1,4884,0,장원영,1,1729,2,손흥민,0,3072,0,나비,0,1347,1,무지개,1,1485,3,카리나,1,1681,1,축구공,1,1617,0,15,1,9,1,6,1,나비,1,1726,3,0,1,변우석,1,1235,2,1,4,,축구공,0,1149,1,변우석,1,1879,2,유재석,1,3451,0,나비,1,1135,3,햄버거,1,1312,0,손흥민,1,1601,1,변우석,1,2001,2,장원영,1,1065,2,무지개,1,897,2,유재석,1,1416,3,유재석,1,1317,3,0,1,무지개,1,2091,2,0,2,장원영,1,1665,2,0,2,변우석,1,944,2,0,2,유재석,1,2273,3,1,2,축구공,1,1111,0,0,3,햄버거,1,932,0,0,3,장원영,1,1572,2,1,3,나비,1,1112,3,1,3,카리나,1,1157,1,0,4,나비,1,1432,3,1,4,햄버거,1,2366,0,1,4,손흥민,1,1491,1,0,4,,,,,,,,,,,,
PMP9UNR1S97,2026-05-17 23:10:58 KST,repeated_then_single,repeated,6,9,massed_20s_x1,5,0.556,1477,1367,sector_study5s_quiz_x4sectors,8,0.889,1598,1475,3,-121,보통,조금,1~3시간,5~10시간,3~5일 전,축구공,1,1118,0,나비,0,1483,3,손흥민,1,1149,3,변우석,0,2069,3,무지개,1,1234,2,장원영,0,1636,2,카리나,1,1248,0,변우석,1,1068,2,15,1,9,1,6,1,카리나,1,1712,0,0,1,나비,1,951,3,1,4,,햄버거,0,1267,1,유재석,1,916,0,카리나,1,2419,1,나비,1,2404,3,손흥민,1,1485,0,햄버거,0,2582,1,축구공,1,1535,3,무지개,1,1689,1,장원영,1,1376,2,유재석,1,991,0,손흥민,1,1089,0,0,1,유재석,1,786,0,0,1,나비,1,2685,3,0,2,축구공,1,782,3,0,2,손흥민,1,2240,0,1,2,장원영,1,1286,2,0,3,축구공,1,2798,3,1,3,변우석,1,1183,2,0,3,카리나,1,1251,0,1,3,카리나,1,2633,0,1,4,무지개,1,1450,1,0,4,햄버거,1,885,1,0,4,장원영,1,2620,2,1,4,,,,,,,,,,,,
PMP9UP413700,2026-05-17 23:11:29 KST,single_then_repeated,single,6,9,massed_20s_x1,7,0.778,1918,1673,sector_study5s_quiz_x4sectors,3,0.333,1647,1421,-4,271,보통,보통,0~1시간,5~10시간,3~5일 전,카리나,1,4503,0,손흥민,1,1297,1,유재석,1,1014,3,무지개,0,1350,3,변우석,1,1982,2,장원영,1,966,0,햄버거,1,1714,1,카리나,1,1098,0,12,0.8,9,0.889,6,0.667,햄버거,1,1725,1,0,1,축구공,1,1583,2,0,4,,나비,1,1016,1,축구공,1,931,2,햄버거,0,4199,3,나비,1,1451,3,무지개,0,1180,3,손흥민,0,2186,1,유재석,0,1533,3,변우석,0,1345,0,장원영,0,2366,2,축구공,0,1949,2,손흥민,1,700,1,0,1,햄버거,1,1811,1,1,2,유재석,1,865,3,0,2,나비,1,1115,3,0,2,무지개,1,732,3,0,2,무지개,1,1691,3,1,3,변우석,1,898,0,0,3,카리나,0,765,0,0,3,햄버거,1,1566,1,1,3,손흥민,0,1059,1,1,4,무지개,1,1383,3,1,4,변우석,0,1911,0,1,4,장원영,1,969,2,0,4,,,,,,,,,,,,
PMP9UMJDF177,2026-05-17 23:12:02 KST,repeated_then_single,repeated,6,9,massed_20s_x1,8,0.889,2914,2767,sector_study5s_quiz_x4sectors,6,0.667,1457,1340,-2,1457,어려움,꽤 집중,1~3시간,0~1시간,1~2주 전,손흥민,1,1331,1,변우석,0,4091,0,카리나,1,1212,0,장원영,1,1378,2,축구공,1,3611,3,유재석,1,2276,2,카리나,0,1362,0,손흥민,0,1681,1,9,0.6,9,0.556,6,0.667,축구공,1,6261,3,0,1,변우석,1,4443,2,1,4,,나비,1,8919,1,햄버거,1,1844,3,무지개,1,1563,1,축구공,1,1294,3,무지개,1,1149,3,유재석,1,1709,2,변우석,1,914,2,장원영,1,747,0,나비,0,2028,1,햄버거,1,2229,3,햄버거,1,2510,3,0,1,무지개,1,1113,3,0,1,손흥민,1,1829,1,0,2,나비,1,2628,1,0,2,축구공,0,3507,3,1,2,손흥민,0,5709,1,1,3,축구공,1,6283,3,1,3,유재석,0,3177,2,0,3,변우석,0,1462,2,0,3,손흥민,1,4736,1,1,4,축구공,1,3092,3,1,4,카리나,0,2578,0,0,4,장원영,0,1277,0,0,4,,,,,,,,,,,,
PMP9UWWX2248,2026-05-17 23:18:08 KST,repeated_then_single,repeated,6,9,massed_20s_x1,7,0.778,2668,2333,sector_study5s_quiz_x4sectors,9,1,4207,4207,2,-1539,쉬움,꽤 집중,0~1시간,0~1시간,1~2주 전,햄버거,0,4830,2,나비,1,3496,3,손흥민,1,1902,1,변우석,0,2850,3,축구공,1,2149,1,카리나,1,2250,0,변우석,1,9986,0,햄버거,1,1032,3,15,1,9,1,6,1,햄버거,1,1030,3,0,1,손흥민,1,10399,2,1,4,,무지개,1,2262,0,장원영,1,1198,0,유재석,1,3071,2,무지개,1,5733,2,장원영,1,2066,3,카리나,1,2635,1,손흥민,1,2034,2,나비,1,1881,0,축구공,1,2233,1,유재석,1,10264,3,유재석,1,847,3,0,1,장원영,1,1165,3,0,1,손흥민,1,2106,2,0,2,무지개,1,798,2,0,2,유재석,1,2350,3,1,2,변우석,1,1360,0,0,3,장원영,1,1815,3,1,3,나비,1,2368,0,0,3,무지개,1,2616,2,1,3,변우석,1,2192,0,1,4,카리나,1,948,1,0,4,축구공,1,987,1,0,4,햄버거,1,1531,3,1,4,,,,,,,,,,,,
PMP9V5FNT726,2026-05-17 23:24:35 KST,repeated_then_single,repeated,6,9,massed_20s_x1,7,0.778,3531,3680,sector_study5s_quiz_x4sectors,8,0.889,3807,4121,1,-276,보통,꽤 집중,3~5시간,10시간 이상,3~5일 전,무지개,0,3036,2,축구공,1,11781,2,햄버거,1,3050,0,카리나,1,2117,3,유재석,0,2983,1,변우석,1,1582,0,손흥민,1,1998,1,나비,1,4416,2,15,1,9,1,6,1,변우석,1,1761,2,0,1,유재석,1,2202,0,0,4,,손흥민,1,2369,2,나비,1,3614,1,장원영,1,1250,3,카리나,1,3783,3,변우석,1,1150,2,유재석,1,1518,0,무지개,1,14750,3,축구공,0,1300,0,햄버거,1,2999,1,장원영,1,2351,3,나비,1,1400,2,0,1,손흥민,1,1642,1,0,2,변우석,1,1483,2,1,2,햄버거,1,1575,1,0,2,변우석,1,1557,2,1,3,무지개,1,1151,3,0,3,장원영,1,1231,3,0,3,카리나,1,1817,3,0,3,손흥민,1,1550,1,1,3,무지개,1,2110,3,1,4,변우석,1,1215,2,1,4,손흥민,1,1132,1,1,4,축구공,1,948,0,0,4,,,,,,,,,,,,
PMP9V5USS727,2026-05-17 23:25:20 KST,repeated_then_single,repeated,6,9,massed_20s_x1,3,0.333,2025,1310,sector_study5s_quiz_x4sectors,9,1,1201,1201,6,824,보통,꽤 집중,1~3시간,1~3시간,3주 이상 전,햄버거,0,6501,0,장원영,0,1566,2,무지개,0,1831,2,변우석,1,1285,1,카리나,0,1716,0,손흥민,1,1432,3,변우석,1,932,1,축구공,1,1650,3,15,1,9,1,6,1,축구공,1,2012,3,0,1,장원영,1,967,2,0,4,,유재석,0,782,1,나비,0,1899,3,축구공,1,1214,1,장원영,1,1000,2,카리나,1,966,0,무지개,1,2282,1,나비,1,814,0,햄버거,1,882,2,유재석,1,1401,3,손흥민,1,883,0,유재석,1,1061,3,0,1,무지개,1,940,1,0,2,변우석,1,650,1,0,2,축구공,1,1534,3,1,2,유재석,1,1657,3,1,3,손흥민,1,1415,0,0,3,카리나,1,801,0,0,3,나비,1,817,0,0,3,무지개,1,899,1,1,3,축구공,1,3709,3,1,4,카리나,1,1352,0,1,4,햄버거,1,1263,2,0,4,변우석,1,1120,1,1,4,,,,,,,,,,,,
PMP9VAS23438,2026-05-17 23:28:11 KST,single_then_repeated,single,6,9,massed_20s_x1,4,0.444,1208,1302,sector_study5s_quiz_x4sectors,6,0.667,2284,1246,2,-1076,어려움,꽤 집중,1~3시간,5~10시간,1~2주 전,유재석,1,1653,1,카리나,0,1421,3,손흥민,1,1013,1,나비,0,1208,0,무지개,1,1014,1,햄버거,0,893,2,무지개,0,5232,2,변우석,1,1678,1,15,1,9,1,6,1,햄버거,1,1149,3,0,1,무지개,1,804,2,0,4,,장원영,1,1526,2,변우석,0,942,0,축구공,0,1206,3,유재석,1,1347,0,나비,0,4299,3,손흥민,1,1089,0,카리나,1,852,0,장원영,1,1173,1,축구공,0,3548,2,햄버거,1,1337,3,나비,1,984,3,0,1,변우석,1,964,1,0,2,햄버거,1,1845,3,1,2,장원영,1,1355,1,0,2,햄버거,1,1844,3,1,3,카리나,1,1864,0,0,3,손흥민,1,879,0,0,3,유재석,1,839,0,0,3,변우석,1,1582,1,1,3,카리나,1,1140,0,1,4,장원영,1,1854,1,1,4,축구공,1,1525,2,0,4,나비,1,1839,3,1,4,,,,,,,,,,,,
PMP9VF6M7894,2026-05-17 23:31:57 KST,single_then_repeated,single,6,9,massed_20s_x1,8,0.889,2724,2821,sector_study5s_quiz_x4sectors,6,0.667,2426,1417,-2,298,어려움,꽤 집중,0~1시간,5~10시간,1~2주 전,변우석,1,1159,0,유재석,1,6482,1,햄버거,1,1431,0,카리나,1,1779,3,축구공,1,1424,2,손흥민,1,3451,3,나비,0,6941,1,무지개,1,1766,2,13,0.867,9,1,6,0.667,변우석,1,1518,3,0,1,무지개,1,2670,2,0,4,,장원영,0,1955,1,나비,1,5767,3,무지개,1,1072,2,손흥민,1,1266,1,카리나,0,3066,3,햄버거,1,1662,0,장원영,1,1388,2,변우석,1,1231,3,유재석,0,3325,0,축구공,1,1189,0,카리나,1,512,3,0,1,손흥민,1,864,1,0,2,나비,1,586,1,0,2,변우석,0,5500,3,1,2,유재석,1,1878,0,0,3,축구공,1,836,0,0,3,변우석,1,1847,3,1,3,햄버거,1,1080,0,0,3,손흥민,0,6162,1,1,3,장원영,1,1223,2,0,4,변우석,1,2221,3,1,4,손흥민,1,1566,1,1,4,햄버거,1,3064,0,1,4,,,,,,,,,,,,
PMP9VH119933,2026-05-17 23:34:01 KST,single_then_repeated,single,6,9,massed_20s_x1,6,0.667,4005,3850,sector_study5s_quiz_x4sectors,5,0.556,2910,2214,-1,1095,어려움,보통,0~1시간,3~5시간,1~2일 전,장원영,1,4854,1,카리나,0,4281,0,무지개,0,3508,1,변우석,0,5161,3,축구공,1,3890,2,손흥민,1,7040,3,햄버거,1,1197,2,변우석,1,1995,3,11,0.733,9,0.889,6,0.5,손흥민,1,1514,1,0,1,햄버거,0,4056,2,1,4,,유재석,1,878,3,나비,1,5207,2,햄버거,1,1229,0,장원영,0,3991,1,무지개,0,3377,2,카리나,1,5618,3,축구공,1,1316,0,나비,1,945,0,손흥민,0,2179,1,유재석,0,5574,0,장원영,1,881,1,0,1,손흥민,1,3627,1,1,2,햄버거,1,1213,2,0,2,무지개,1,832,2,0,2,나비,1,2312,0,0,3,유재석,1,832,0,0,3,무지개,1,4022,2,1,3,장원영,0,2026,1,1,3,축구공,1,3462,0,0,3,장원영,0,1414,1,1,4,변우석,1,2459,3,0,4,카리나,0,2164,3,0,4,축구공,1,2110,0,1,4,,,,,,,,,,,,
PMP9WS5XB737,2026-05-18 00:10:10 KST,single_then_repeated,single,6,9,massed_20s_x1,4,0.444,2227,1983,sector_study5s_quiz_x4sectors,2,0.222,1862,2016,-2,365,매우 어려움,보통,0~1시간,0~1시간,1~2일 전,유재석,1,3177,1,손흥민,1,2023,1,무지개,0,1978,2,나비,0,1804,3,축구공,0,2831,2,변우석,0,3619,3,유재석,0,3398,3,카리나,0,2532,2,7,0.467,9,0.556,6,0.333,유재석,1,2840,3,0,1,나비,1,1449,2,1,4,,카리나,1,1931,1,장원영,1,800,0,햄버거,0,1882,0,장원영,1,3049,3,나비,1,982,2,축구공,0,1384,0,햄버거,0,1148,1,손흥민,0,1799,1,무지개,0,1249,3,변우석,0,1218,0,무지개,1,1614,3,0,1,장원영,1,785,3,0,1,카리나,0,778,2,0,2,장원영,0,6113,3,1,2,나비,1,1950,2,0,2,유재석,0,4291,3,1,3,햄버거,0,1561,1,0,3,나비,1,1348,2,1,3,손흥민,0,2769,1,0,3,변우석,1,1507,0,0,4,햄버거,0,1482,1,1,4,장원영,0,1516,3,1,4,축구공,0,4337,0,0,4,,,,,,,,,,,,
PMP9X5LPN789,2026-05-18 00:20:20 KST,repeated_then_single,repeated,6,9,massed_20s_x1,1,0.111,1593,1047,sector_study5s_quiz_x4sectors,5,0.556,1573,1493,4,20,어려움,꽤 집중,0~1시간,0~1시간,1~2주 전,카리나,0,1314,1,손흥민,0,2857,2,무지개,0,1013,2,햄버거,1,1047,0,축구공,0,1830,0,유재석,0,1444,1,축구공,0,2092,1,손흥민,0,1659,1,11,0.733,9,0.889,6,0.5,장원영,1,1710,3,0,1,변우석,1,1759,0,0,4,,나비,0,1046,3,장원영,0,1160,3,변우석,0,2626,2,무지개,1,1012,2,햄버거,1,2113,0,카리나,0,1331,2,변우석,1,1194,0,나비,0,1610,3,유재석,1,1081,2,장원영,1,2066,3,나비,1,1098,3,0,1,손흥민,1,1114,1,0,2,장원영,1,2214,3,1,2,축구공,0,1192,1,0,2,무지개,1,1646,2,0,3,나비,1,4324,3,1,3,카리나,1,1514,2,0,3,축구공,0,1362,1,1,3,유재석,1,1028,2,0,3,축구공,0,2795,1,1,4,햄버거,1,1128,0,0,4,무지개,1,1081,2,1,4,나비,0,2299,3,1,4,,,,,,,,,,,,
PMP9X8UI8318,2026-05-18 00:23:08 KST,repeated_then_single,repeated,6,9,massed_20s_x1,4,0.444,1740,1482,sector_study5s_quiz_x4sectors,9,1,3379,3379,5,-1639,어려움,꽤 집중,0~1시간,0~1시간,1~2일 전,장원영,0,1101,1,카리나,1,1215,0,손흥민,1,965,0,나비,1,1517,2,변우석,1,2231,0,유재석,0,1201,3,유재석,1,1932,2,변우석,1,1433,0,12,0.8,9,0.778,6,0.833,햄버거,1,1808,3,0,1,나비,0,1450,2,0,4,,햄버거,0,3833,2,무지개,0,2515,3,축구공,0,1082,1,장원영,1,2732,1,축구공,1,4916,3,카리나,1,5648,0,나비,1,5901,2,햄버거,1,1396,3,무지개,1,3601,1,손흥민,1,2850,2,축구공,1,1233,3,0,1,변우석,1,1326,0,0,2,카리나,1,1083,0,0,2,햄버거,1,3218,3,1,2,장원영,1,1124,1,0,3,무지개,1,950,1,0,3,카리나,0,3934,0,1,3,햄버거,1,1982,3,1,3,축구공,1,2243,3,1,4,손흥민,0,2001,2,0,4,유재석,1,1098,2,0,4,변우석,1,1567,0,1,4,무지개,1,1366,1,1,4,,,,,,,,,,,,
PMP9Y14N2119,2026-05-18 00:45:04 KST,repeated_then_single,repeated,6,9,massed_20s_x1,1,0.111,2010,1334,sector_study5s_quiz_x4sectors,7,0.778,1599,1385,6,411,어려움,꽤 집중,3~5시간,10시간 이상,3주 이상 전,변우석,0,1528,0,축구공,0,1558,2,유재석,0,1501,1,무지개,1,1334,0,손흥민,0,2436,1,카리나,0,2084,2,변우석,1,1567,0,축구공,1,1560,0,13,0.867,9,0.778,6,1,햄버거,1,1572,1,0,1,햄버거,1,1978,1,1,4,,장원영,0,1257,1,나비,0,1317,3,햄버거,0,5079,3,유재석,1,1108,0,나비,1,1157,2,햄버거,0,2209,1,손흥민,0,2485,2,카리나,1,2053,3,장원영,1,825,3,무지개,1,1426,1,무지개,1,807,1,0,1,무지개,1,4085,1,1,2,카리나,0,2851,3,0,2,장원영,0,1242,3,0,2,변우석,1,1488,0,0,3,유재석,1,1312,0,0,3,무지개,1,3694,1,1,3,축구공,1,1810,0,0,3,장원영,1,2534,3,1,3,나비,1,921,2,0,4,유재석,1,1400,0,1,4,장원영,1,1197,3,1,4,손흥민,1,985,2,0,4,,,,,,,,,,,,
PMP9YLJE5891,2026-05-18 01:01:30 KST,repeated_then_single,repeated,6,9,massed_20s_x1,7,0.778,4107,4164,sector_study5s_quiz_x4sectors,6,0.667,3114,2883,-1,993,어려움,꽤 집중,0~1시간,0~1시간,3~5일 전,장원영,1,2984,2,축구공,1,5610,3,나비,1,7042,2,변우석,1,4874,1,유재석,1,1649,1,햄버거,0,3980,3,장원영,0,6698,3,유재석,1,1173,0,12,0.8,9,0.889,6,0.667,축구공,1,1335,1,0,1,유재석,1,2684,0,1,4,,손흥민,1,5268,0,무지개,0,3837,3,카리나,1,1723,0,무지개,1,1444,1,변우석,0,2358,2,손흥민,1,2470,3,축구공,1,1226,1,카리나,1,8057,2,햄버거,1,2925,0,나비,0,1678,1,나비,1,841,1,0,1,무지개,1,800,1,0,1,장원영,1,1696,3,0,2,나비,1,4409,1,1,2,손흥민,1,2532,3,0,2,유재석,1,1420,0,0,3,햄버거,1,4599,0,0,3,무지개,1,4347,1,1,3,장원영,0,1966,3,1,3,변우석,1,1328,2,0,4,축구공,1,5540,1,1,4,카리나,0,2285,2,0,4,장원영,0,3226,3,1,4,,,,,,,,,,,,
PMPA0MMSA866,2026-05-18 01:57:34 KST,single_then_repeated,single,6,9,massed_20s_x1,9,1,1950,1950,sector_study5s_quiz_x4sectors,9,1,1481,1481,0,469,매우 쉬움,조금,0~1시간,0~1시간,1~2일 전,무지개,1,2881,2,카리나,1,2366,0,나비,1,1532,1,손흥민,1,1963,0,유재석,1,1364,1,변우석,1,1949,2,햄버거,1,3631,0,카리나,1,1097,0,15,1,9,1,6,1,카리나,1,1806,0,0,1,무지개,1,2449,2,1,4,,장원영,1,1199,3,축구공,1,2966,2,햄버거,1,1333,3,변우석,1,1219,2,무지개,1,829,2,나비,1,1712,3,장원영,1,1066,3,축구공,1,1581,3,손흥민,1,1419,1,유재석,1,778,1,햄버거,1,1102,0,0,1,카리나,1,2807,0,1,2,무지개,1,1763,2,0,2,변우석,1,1933,2,0,2,손흥민,1,1209,1,0,3,햄버거,1,2082,0,1,3,무지개,1,5982,2,1,3,유재석,1,1001,1,0,3,나비,1,1571,3,0,4,손흥민,1,2521,1,1,4,햄버거,1,2929,0,1,4,축구공,1,2196,3,0,4,장원영,1,1849,3,0,4,,,,,,,,,,,,
PMPABNM27357,2026-05-18 07:07:47 KST,single_then_repeated,single,6,9,massed_20s_x1,7,0.778,2965,3074,sector_study5s_quiz_x4sectors,1,0.111,2317,2837,-6,648,어려움,보통,1~3시간,3~5시간,3~5일 전,축구공,1,2364,2,나비,1,5251,1,카리나,1,6574,3,변우석,1,1635,1,장원영,1,2452,2,무지개,1,952,1,변우석,0,5154,3,카리나,1,2837,0,10,0.667,9,0.889,6,0.333,손흥민,1,1390,1,0,1,손흥민,0,1633,1,1,4,,손흥민,0,2750,0,햄버거,0,2420,3,유재석,1,2287,0,유재석,0,2987,1,나비,0,1531,3,무지개,0,978,2,장원영,0,2030,3,손흥민,0,2220,1,햄버거,0,1563,0,축구공,0,1550,2,손흥민,1,1663,1,0,1,카리나,1,1130,0,0,2,햄버거,1,1223,0,0,2,손흥민,1,2245,1,1,2,손흥민,1,2296,1,1,3,햄버거,0,1635,0,1,3,나비,1,1432,3,0,3,장원영,1,1015,3,0,3,변우석,1,848,3,0,3,햄버거,0,2045,0,1,4,장원영,0,4078,3,1,4,축구공,1,1894,2,0,4,무지개,0,4574,2,0,4,,,,,,,,,,,,
PMPAMDKAW970,2026-05-18 12:07:31 KST,repeated_then_single,repeated,6,9,massed_20s_x1,3,0.333,5029,5350,sector_study5s_quiz_x4sectors,9,1,4294,4294,6,735,어려움,조금,1~3시간,3~5시간,1~2주 전,무지개,0,3302,2,유재석,0,3180,2,장원영,0,10100,0,손흥민,1,2236,1,나비,1,3298,0,변우석,0,3467,3,나비,1,7232,3,변우석,1,1384,2,14,0.933,9,1,6,0.833,무지개,1,2532,1,0,1,햄버거,1,3099,0,1,4,,카리나,1,10515,1,축구공,0,3867,3,햄버거,0,5300,2,축구공,1,5532,3,카리나,1,2100,0,무지개,1,2816,1,장원영,1,1464,2,손흥민,1,6236,1,유재석,1,2034,3,햄버거,1,9851,0,손흥민,1,1226,1,0,1,카리나,1,1394,0,0,2,손흥민,1,1684,1,1,2,햄버거,1,1217,0,0,2,유재석,1,1659,3,0,3,햄버거,1,1669,0,1,3,나비,1,1715,3,0,3,축구공,1,899,3,0,3,무지개,1,2668,1,1,3,장원영,1,2944,2,0,4,무지개,1,2898,1,1,4,축구공,0,7052,3,1,4,변우석,1,2281,2,0,4,,,,,,,,,,,,
PMPAOPHNO145,2026-05-18 13:12:15 KST,single_then_repeated,single,6,9,massed_20s_x1,9,1,2417,2417,sector_study5s_quiz_x4sectors,9,1,1825,1825,0,592,어려움,매우 집중,1~3시간,10시간 이상,3주 이상 전,유재석,1,2300,2,나비,1,1279,0,변우석,1,1568,2,카리나,1,1469,1,손흥민,1,1264,1,햄버거,1,6842,3,카리나,1,1266,0,햄버거,1,1016,0,15,1,9,1,6,1,카리나,1,1260,0,0,1,나비,1,4576,3,0,4,,장원영,1,2498,0,축구공,1,999,3,무지개,1,3538,1,무지개,1,1936,3,손흥민,1,1118,1,나비,1,1832,3,축구공,1,2238,2,변우석,1,1999,1,장원영,1,1132,2,유재석,1,3886,3,햄버거,1,1003,0,0,1,카리나,1,2031,0,1,2,손흥민,1,1401,1,0,2,변우석,1,1016,1,0,2,장원영,1,1358,2,0,3,변우석,1,1408,1,1,3,축구공,1,1516,2,0,3,카리나,1,2054,0,1,3,무지개,1,1695,3,0,4,손흥민,1,3650,1,1,4,유재석,1,5118,3,0,4,카리나,1,1850,0,1,4,장원영,1,6732,2,1,4,,,,,,,,,,,,
PMPAP1KAJ396,2026-05-18 13:20:42 KST,repeated_then_single,repeated,6,9,massed_20s_x1,1,0.111,1872,1115,sector_study5s_quiz_x4sectors,9,1,1497,1497,8,375,어려움,조금,0~1시간,0~1시간,당일,장원영,0,1562,2,변우석,0,3341,3,유재석,0,1073,2,무지개,0,2698,3,손흥민,0,2020,0,축구공,0,2119,1,장원영,1,836,3,손흥민,1,1455,0,15,1,9,1,6,1,무지개,1,1741,0,0,1,장원영,1,1421,3,0,4,,햄버거,0,1865,1,카리나,1,1115,0,나비,0,1058,2,나비,1,1361,2,축구공,1,2536,3,카리나,1,1302,1,무지개,1,1226,0,변우석,1,2269,1,유재석,1,858,3,햄버거,1,1626,2,손흥민,1,1584,0,0,1,나비,1,1761,2,0,2,햄버거,1,2006,2,0,2,무지개,1,2214,0,1,2,햄버거,1,1575,2,1,3,변우석,1,1088,1,0,3,손흥민,1,1491,0,1,3,카리나,1,1369,1,0,3,햄버거,1,1115,2,1,4,축구공,1,1083,3,0,4,무지개,1,1855,0,1,4,카리나,1,1132,1,1,4,유재석,1,1251,3,0,4,,,,,,,,,,,,
PMPB4TMJ8635,2026-05-18 20:43:06 KST,single_then_repeated,single,6,9,massed_20s_x1,4,0.444,2211,1428,sector_study5s_quiz_x4sectors,6,0.667,1756,1823,2,455,어려움,꽤 집중,0~1시간,0~1시간,1~2일 전,장원영,0,4879,1,손흥민,1,1492,3,햄버거,0,5705,0,축구공,0,1112,2,카리나,1,1844,2,무지개,0,1230,1,카리나,1,3941,1,무지개,1,2732,3,11,0.733,9,0.667,6,0.833,변우석,1,1365,0,0,1,장원영,0,1665,1,1,4,,나비,0,1261,0,변우석,1,1329,0,유재석,1,1046,3,손흥민,1,1208,2,나비,1,897,0,축구공,0,1029,2,유재석,1,1244,0,장원영,0,1448,1,햄버거,0,2392,3,변우석,1,915,0,유재석,1,712,0,0,1,나비,1,664,0,0,1,유재석,1,1683,0,1,2,무지개,1,982,3,0,2,햄버거,0,1508,3,0,2,나비,1,1033,0,1,3,햄버거,1,879,3,1,3,장원영,0,1996,1,0,3,카리나,0,913,1,0,3,축구공,1,1064,2,0,4,변우석,1,1248,0,1,4,무지개,1,1244,3,1,4,손흥민,1,1077,2,0,4,,,,,,,,,,,,